id,pred_raw,subject,subcategory,error
generation-for-nlp-425,사회탐구 | 정치와 법,사회탐구,정치와 법,
generation-for-nlp-426,사회탐구 | 동아시아사,사회탐구,동아시아사,
generation-for-nlp-427,사회탐구 | 동아시아사,사회탐구,동아시아사,
generation-for-nlp-428,사회탐구 | 동아시아사,사회탐구,동아시아사,
generation-for-nlp-429,사회탐구 | 동아시아사,사회탐구,동아시아사,
generation-for-nlp-431,사회탐구 | 동아시아사,사회탐구,동아시아사,
generation-for-nlp-432,사회탐구 | 동아시아사,사회탐구,동아시아사,
generation-for-nlp-433,사회탐구 | 세계사,사회탐구,세계사,
generation-for-nlp-434,사회탐구 | 동아시아사,사회탐구,동아시아사,
generation-for-nlp-435,사회탐구 | 윤리와 사상,사회탐구,윤리와 사상,
generation-for-nlp-436,사회탐구 | 동아시아사,사회탐구,동아시아사,
generation-for-nlp-437,사회탐구 | 동아시아사,사회탐구,동아시아사,
generation-for-nlp-439,사회탐구 | 윤리와 사상,사회탐구,윤리와 사상,
generation-for-nlp-440,사회탐구 | 동아시아사,사회탐구,동아시아사,
generation-for-nlp-441,사회탐구 | 동아시아사,사회탐구,동아시아사,
generation-for-nlp-443,사회탐구 | 동아시아사,사회탐구,동아시아사,
generation-for-nlp-445,사회탐구 | 동아시아사,사회탐구,동아시아사,
generation-for-nlp-446,사회탐구 | 정치와 법,사회탐구,정치와 법,
generation-for-nlp-447,사회탐구 | 동아시아사,사회탐구,동아시아사,
generation-for-nlp-448,사회탐구 | 동아시아사,사회탐구,동아시아사,
generation-for-nlp-449,사회탐구 | 동아시아사,사회탐구,동아시아사,
generation-for-nlp-450,사회탐구 | 생활과 윤리,사회탐구,생활과 윤리,
generation-for-nlp-451,사회탐구 | 동아시아사,사회탐구,동아시아사,
generation-for-nlp-452,사회탐구 | 생활과 윤리,사회탐구,생활과 윤리,
generation-for-nlp-453,사회탐구 | 동아시아사,사회탐구,동아시아사,
generation-for-nlp-454,사회탐구 | 동아시아사,사회탐구,동아시아사,
generation-for-nlp-455,정치와 법 |,정치와 법,,
generation-for-nlp-456,사회탐구 | 동아시아사,사회탐구,동아시아사,
generation-for-nlp-457,사회탐구 | 동아시아사,사회탐구,동아시아사,
generation-for-nlp-459,사회탐구 | 정치와 법,사회탐구,정치와 법,
generation-for-nlp-460,사회탐구 | 생활과 윤리,사회탐구,생활과 윤리,
generation-for-nlp-461,사회탐구 | 세계사,사회탐구,세계사,
generation-for-nlp-463,사회탐구 | 한국사,사회탐구,한국사,
generation-for-nlp-464,사회탐구 | 동아시아사,사회탐구,동아시아사,
generation-for-nlp-465,사회탐구 | 동아시아사,사회탐구,동아시아사,
generation-for-nlp-466,사회탐구 | 동아시아사,사회탐구,동아시아사,
generation-for-nlp-467,사회탐구 | 동아시아사,사회탐구,동아시아사,
generation-for-nlp-469,사회탐구 | 세계사,사회탐구,세계사,
generation-for-nlp-470,사회탐구 | 동아시아사,사회탐구,동아시아사,
generation-for-nlp-472,사회탐구 | 동아시아사,사회탐구,동아시아사,
generation-for-nlp-473,사회탐구 | 동아시아사,사회탐구,동아시아사,
generation-for-nlp-475,사회탐구 | 동아시아사,사회탐구,동아시아사,
generation-for-nlp-476,사회탐구 | 세계사,사회탐구,세계사,
generation-for-nlp-477,사회탐구 | 세계사,사회탐구,세계사,
generation-for-nlp-479,사회탐구 | 동아시아사,사회탐구,동아시아사,
generation-for-nlp-480,국어 | 문학,국어,문학,
generation-for-nlp-481,사회탐구 | 정치와 법,사회탐구,정치와 법,
generation-for-nlp-482,사회탐구 | 동아시아사,사회탐구,동아시아사,
generation-for-nlp-483,사회탐구 | 동아시아사,사회탐구,동아시아사,
generation-for-nlp-484,정치와 법 |,정치와 법,,
generation-for-nlp-486,사회탐구 | 동아시아사,사회탐구,동아시아사,
generation-for-nlp-487,사회탐구 | 동아시아사,사회탐구,동아시아사,
generation-for-nlp-488,사회탐구 | 동아시아사,사회탐구,동아시아사,
generation-for-nlp-490,사회탐구 | 정치와 법,사회탐구,정치와 법,
generation-for-nlp-491,사회탐구 | 동아시아사,사회탐구,동아시아사,
generation-for-nlp-492,사회탐구 | 세계사,사회탐구,세계사,
generation-for-nlp-493,사회탐구 | 동아시아사,사회탐구,동아시아사,
generation-for-nlp-494,사회탐구 | 동아시아사,사회탐구,동아시아사,
generation-for-nlp-495,사회탐구 | 세계사,사회탐구,세계사,
generation-for-nlp-496,사회탐구 | 정치와 법,사회탐구,정치와 법,
generation-for-nlp-498,사회탐구 | 동아시아사,사회탐구,동아시아사,
generation-for-nlp-499,사회탐구 | 동아시아사,사회탐구,동아시아사,
generation-for-nlp-500,정치와 법 |,정치와 법,,
generation-for-nlp-501,사회탐구 | 동아시아사,사회탐구,동아시아사,
generation-for-nlp-502,사회탐구 | 동아시아사,사회탐구,동아시아사,
generation-for-nlp-505,사회탐구 | 동아시아사,사회탐구,동아시아사,
generation-for-nlp-506,사회탐구 | 동아시아사,사회탐구,동아시아사,
generation-for-nlp-507,사회탐구 | 동아시아사,사회탐구,동아시아사,
generation-for-nlp-508,사회탐구,,,
generation-for-nlp-509,사회탐구 | 정치와 법,사회탐구,정치와 법,
generation-for-nlp-510,사회탐구 | 동아시아사,사회탐구,동아시아사,
generation-for-nlp-512,사회탐구 | 동아시아사,사회탐구,동아시아사,
generation-for-nlp-513,사회탐구 | 동아시아사,사회탐구,동아시아사,
generation-for-nlp-514,국어 | 문학,국어,문학,
generation-for-nlp-515,사회탐구 | 동아시아사,사회탐구,동아시아사,
generation-for-nlp-516,국어 | 문학,국어,문학,
generation-for-nlp-517,사회탐구 | 윤리와 사상,사회탐구,윤리와 사상,
generation-for-nlp-518,사회탐구 | 세계사,사회탐구,세계사,
generation-for-nlp-519,사회탐구 | 경제,사회탐구,경제,
generation-for-nlp-520,국어 | 문학,국어,문학,
generation-for-nlp-521,사회탐구 | 정치와 법,사회탐구,정치와 법,
generation-for-nlp-522,사회탐구 | 생활과 윤리,사회탐구,생활과 윤리,
generation-for-nlp-523,사회탐구 | 윤리와 사상,사회탐구,윤리와 사상,
generation-for-nlp-525,사회탐구 | 윤리와 사상,사회탐구,윤리와 사상,
generation-for-nlp-526,사회탐구 | 경제,사회탐구,경제,
generation-for-nlp-527,사회탐구 | 윤리와 사상,사회탐구,윤리와 사상,
generation-for-nlp-529,사회탐구 | 동아시아사,사회탐구,동아시아사,
generation-for-nlp-530,사회탐구 | 세계사,사회탐구,세계사,
generation-for-nlp-531,사회탐구 | 윤리와 사상,사회탐구,윤리와 사상,
generation-for-nlp-532,사회탐구 | 동아시아사,사회탐구,동아시아사,
generation-for-nlp-533,국어 | 문학,국어,문학,
generation-for-nlp-534,사회탐구 | 윤리와 사상,사회탐구,윤리와 사상,
generation-for-nlp-535,사회탐구 | 윤리와 사상,사회탐구,윤리와 사상,
generation-for-nlp-537,사회탐구 | 윤리와 사상,사회탐구,윤리와 사상,
generation-for-nlp-538,사회탐구 | 윤리와 사상,사회탐구,윤리와 사상,
generation-for-nlp-539,사회탐구 | 생활과 윤리,사회탐구,생활과 윤리,
generation-for-nlp-540,국어 | 문학,국어,문학,
generation-for-nlp-541,사회탐구 | 동아시아사,사회탐구,동아시아사,
generation-for-nlp-543,윤리와 사상 |,윤리와 사상,,
generation-for-nlp-544,사회탐구 | 동아시아사,사회탐구,동아시아사,
generation-for-nlp-545,사회탐구 | 정치와 법,사회탐구,정치와 법,
generation-for-nlp-546,사회탐구 | 윤리와 사상,사회탐구,윤리와 사상,
generation-for-nlp-547,사회탐구 | 윤리와 사상,사회탐구,윤리와 사상,
generation-for-nlp-548,국어 | 문학,국어,문학,
generation-for-nlp-550,사회탐구 | 경제,사회탐구,경제,
generation-for-nlp-551,사회탐구 | 정치와 법,사회탐구,정치와 법,
generation-for-nlp-552,사회탐구 | 정치와 법,사회탐구,정치와 법,
generation-for-nlp-553,국어 | 문학,국어,문학,
generation-for-nlp-554,사회탐구 | 정치와 법,사회탐구,정치와 법,
generation-for-nlp-555,사회탐구 | 윤리와 사상,사회탐구,윤리와 사상,
generation-for-nlp-556,사회탐구 | 정치와 법,사회탐구,정치와 법,
generation-for-nlp-557,사회탐구 | 세계사,사회탐구,세계사,
generation-for-nlp-558,사회탐구 | 생활과 윤리,사회탐구,생활과 윤리,
generation-for-nlp-559,사회탐구 | 세계사,사회탐구,세계사,
generation-for-nlp-560,사회탐구 | 동아시아사,사회탐구,동아시아사,
generation-for-nlp-561,사회탐구 | 윤리와 사상,사회탐구,윤리와 사상,
generation-for-nlp-562,사회탐구 | 정치와 법,사회탐구,정치와 법,
generation-for-nlp-563,사회탐구 | 정치와 법,사회탐구,정치와 법,
generation-for-nlp-564,사회탐구 | 윤리와 사상,사회탐구,윤리와 사상,
generation-for-nlp-565,사회탐구 | 동아시아사,사회탐구,동아시아사,
generation-for-nlp-566,사회탐구 | 동아시아사,사회탐구,동아시아사,
generation-for-nlp-567,사회탐구 | 윤리와 사상,사회탐구,윤리와 사상,
generation-for-nlp-568,국어 | 문학,국어,문학,
generation-for-nlp-569,사회탐구 | 세계사,사회탐구,세계사,
generation-for-nlp-570,사회탐구 | 세계사,사회탐구,세계사,
generation-for-nlp-571,사회탐구 | 세계사,사회탐구,세계사,
generation-for-nlp-573,사회탐구 | 윤리와 사상,사회탐구,윤리와 사상,
generation-for-nlp-574,사회탐구 | 세계사,사회탐구,세계사,
generation-for-nlp-576,사회탐구 | 동아시아사,사회탐구,동아시아사,
generation-for-nlp-577,사회탐구 | 정치와 법,사회탐구,정치와 법,
generation-for-nlp-578,사회탐구 | 동아시아사,사회탐구,동아시아사,
generation-for-nlp-579,사회탐구 | 정치와 법,사회탐구,정치와 법,
generation-for-nlp-580,사회탐구 | 세계사,사회탐구,세계사,
generation-for-nlp-581,사회탐구 | 윤리와 사상,사회탐구,윤리와 사상,
generation-for-nlp-582,사회탐구 | 정치와 법,사회탐구,정치와 법,
generation-for-nlp-583,사회탐구 | 정치와 법,사회탐구,정치와 법,
generation-for-nlp-584,사회탐구 | 동아시아사,사회탐구,동아시아사,
generation-for-nlp-585,사회탐구 | 윤리와 사상,사회탐구,윤리와 사상,
generation-for-nlp-586,사회탐구 | 윤리와 사상,사회탐구,윤리와 사상,
generation-for-nlp-587,사회탐구 | 정치와 법,사회탐구,정치와 법,
generation-for-nlp-589,사회탐구 | 윤리와 사상,사회탐구,윤리와 사상,
generation-for-nlp-590,사회탐구 | 동아시아사,사회탐구,동아시아사,
generation-for-nlp-591,사회탐구 | 정치와 법,사회탐구,정치와 법,
generation-for-nlp-592,사회탐구 | 윤리와 사상,사회탐구,윤리와 사상,
generation-for-nlp-593,사회탐구 | 윤리와 사상,사회탐구,윤리와 사상,
generation-for-nlp-595,국어 | 문학,국어,문학,
generation-for-nlp-597,사회탐구 | 경제,사회탐구,경제,
generation-for-nlp-598,사회탐구 | 윤리와 사상,사회탐구,윤리와 사상,
generation-for-nlp-599,사회탐구 | 정치와 법,사회탐구,정치와 법,
generation-for-nlp-600,정치와 법 |,정치와 법,,
generation-for-nlp-601,사회탐구 | 동아시아사,사회탐구,동아시아사,
generation-for-nlp-602,사회탐구 | 세계사,사회탐구,세계사,
generation-for-nlp-603,사회탐구 | 정치와 법,사회탐구,정치와 법,
generation-for-nlp-604,국어 | 문학,국어,문학,
generation-for-nlp-605,사회탐구 | 세계사,사회탐구,세계사,
generation-for-nlp-607,정치와 법 | 입헌주의,정치와 법,입헌주의,
generation-for-nlp-608,사회탐구 | 윤리와 사상,사회탐구,윤리와 사상,
generation-for-nlp-611,사회탐구 | 윤리와 사상,사회탐구,윤리와 사상,
generation-for-nlp-612,사회탐구 | 윤리와 사상,사회탐구,윤리와 사상,
generation-for-nlp-613,사회탐구 | 동아시아사,사회탐구,동아시아사,
generation-for-nlp-615,사회탐구 | 윤리와 사상,사회탐구,윤리와 사상,
generation-for-nlp-616,사회탐구 | 윤리와 사상,사회탐구,윤리와 사상,
generation-for-nlp-617,사회탐구 | 정치와 법,사회탐구,정치와 법,
generation-for-nlp-618,사회탐구 | 세계사,사회탐구,세계사,
generation-for-nlp-619,국어 | 문학,국어,문학,
generation-for-nlp-620,사회탐구 | 정치와 법,사회탐구,정치와 법,
generation-for-nlp-624,사회탐구 | 정치와 법,사회탐구,정치와 법,
generation-for-nlp-625,사회탐구 | 경제,사회탐구,경제,
generation-for-nlp-627,사회탐구 | 정치와 법,사회탐구,정치와 법,
generation-for-nlp-628,사회탐구 | 윤리와 사상,사회탐구,윤리와 사상,
generation-for-nlp-629,국어 | 독서,국어,독서,
generation-for-nlp-630,사회탐구 | 정치와 법,사회탐구,정치와 법,
generation-for-nlp-631,사회탐구 | 세계사,사회탐구,세계사,
generation-for-nlp-632,사회탐구 | 정치와 법,사회탐구,정치와 법,
generation-for-nlp-634,사회탐구 | 윤리와 사상,사회탐구,윤리와 사상,
generation-for-nlp-637,사회탐구 | 윤리와 사상,사회탐구,윤리와 사상,
generation-for-nlp-638,사회탐구 | 윤리와 사상,사회탐구,윤리와 사상,
generation-for-nlp-639,사회탐구 | 정치와 법,사회탐구,정치와 법,
generation-for-nlp-641,사회탐구 | 윤리와 사상,사회탐구,윤리와 사상,
generation-for-nlp-644,사회탐구 | 정치와 법,사회탐구,정치와 법,
generation-for-nlp-647,사회탐구 | 세계사,사회탐구,세계사,
generation-for-nlp-650,사회탐구 | 세계사,사회탐구,세계사,
generation-for-nlp-651,사회탐구 | 민족주의,사회탐구,민족주의,
generation-for-nlp-652,사회탐구 | 경제,사회탐구,경제,
generation-for-nlp-654,사회탐구 | 경제,사회탐구,경제,
generation-for-nlp-655,사회탐구 | 세계사,사회탐구,세계사,
generation-for-nlp-656,사회탐구 | 윤리와 사상,사회탐구,윤리와 사상,
generation-for-nlp-657,사회탐구 | 동아시아사,사회탐구,동아시아사,
generation-for-nlp-658,사회탐구 | 정치와 법,사회탐구,정치와 법,
generation-for-nlp-659,사회탐구 | 세계사,사회탐구,세계사,
generation-for-nlp-661,사회탐구 | 윤리와 사상,사회탐구,윤리와 사상,
generation-for-nlp-662,사회탐구 | 생활과 윤리,사회탐구,생활과 윤리,
generation-for-nlp-663,사회탐구 | 생활과 윤리,사회탐구,생활과 윤리,
generation-for-nlp-664,사회탐구 | 경제,사회탐구,경제,
generation-for-nlp-666,사회탐구 | 정치와 법,사회탐구,정치와 법,
generation-for-nlp-667,사회탐구 | 동아시아사,사회탐구,동아시아사,
generation-for-nlp-668,사회탐구 | 생활과 윤리,사회탐구,생활과 윤리,
generation-for-nlp-670,사회탐구 | 생활과 윤리,사회탐구,생활과 윤리,
generation-for-nlp-672,사회탐구 | 정치와 법,사회탐구,정치와 법,
generation-for-nlp-673,사회탐구 | 정치와 법,사회탐구,정치와 법,
generation-for-nlp-674,정치와 법 |,정치와 법,,
generation-for-nlp-675,정치와 법 | 정치와 법,정치와 법,정치와 법,
generation-for-nlp-676,정치와 법 | 4,정치와 법,4,
generation-for-nlp-677,정치와 법 |,정치와 법,,
generation-for-nlp-678,정치와 법 | 권력분립,정치와 법,권력분립,
generation-for-nlp-679,정치와 법,,,
generation-for-nlp-680,정치와 법 | 정치와 법,정치와 법,정치와 법,
generation-for-nlp-682,경제 | 경제,경제,경제,
generation-for-nlp-683,경제 | 경제,경제,경제,
generation-for-nlp-684,경제 | GDP,경제,GDP,
generation-for-nlp-685,사회탐구 | 경제,사회탐구,경제,
generation-for-nlp-686,사회탐구 | 경제,사회탐구,경제,
generation-for-nlp-687,사회탐구 | 경제,사회탐구,경제,
generation-for-nlp-688,경제 | 경제,경제,경제,
generation-for-nlp-689,경제 | 경제,경제,경제,
generation-for-nlp-690,경제 | 통화 공급량,경제,통화 공급량,
generation-for-nlp-691,경제 | GDP,경제,GDP,
generation-for-nlp-692,경제 | 재정 정책,경제,재정 정책,
generation-for-nlp-693,사회탐구 | 경제,사회탐구,경제,
generation-for-nlp-694,경제 | 경제,경제,경제,
generation-for-nlp-695,사회탐구 | 경제,사회탐구,경제,
generation-for-nlp-696,경제 | 통화론,경제,통화론,
generation-for-nlp-697,경제 | 경제,경제,경제,
generation-for-nlp-698,경제 | 경제,경제,경제,
generation-for-nlp-699,경제 | GDP,경제,GDP,
generation-for-nlp-701,경제 | 재정 및 통화 정책,경제,재정 및 통화 정책,
generation-for-nlp-703,사회탐구 | 경제,사회탐구,경제,
generation-for-nlp-704,사회탐구 | 경제,사회탐구,경제,
generation-for-nlp-705,경제 | 화폐 공급량,경제,화폐 공급량,
generation-for-nlp-706,사회탐구 | 경제,사회탐구,경제,
generation-for-nlp-708,경제 | 통화 공급 감소의 영향,경제,통화 공급 감소의 영향,
generation-for-nlp-710,경제 | 초과 준비금,경제,초과 준비금,
generation-for-nlp-712,경제 | 경제,경제,경제,
generation-for-nlp-713,경제 | 경제,경제,경제,
generation-for-nlp-714,경제 | 달러 가치,경제,달러 가치,
generation-for-nlp-715,경제 | 소비자 물가 지수,경제,소비자 물가 지수,
generation-for-nlp-716,경제 | 통화 공급이 증가할 것이다.,경제,통화 공급이 증가할 것이다.,
generation-for-nlp-717,경제 | 대출 가능한 자금의 수요와 공급,경제,대출 가능한 자금의 수요와 공급,
generation-for-nlp-718,경제 | 경제,경제,경제,
generation-for-nlp-719,사회탐구 | 생활과 윤리,사회탐구,생활과 윤리,
generation-for-nlp-720,사회탐구 | 경제,사회탐구,경제,
generation-for-nlp-721,경제 | 경제,경제,경제,
generation-for-nlp-722,경제 | 경제,경제,경제,
generation-for-nlp-723,사회탐구 | 경제,사회탐구,경제,
generation-for-nlp-724,사회탐구 | 경제,사회탐구,경제,
generation-for-nlp-725,사회탐구 | 생활과 윤리,사회탐구,생활과 윤리,
generation-for-nlp-726,사회탐구 | 경제,사회탐구,경제,
generation-for-nlp-727,경제,,,
generation-for-nlp-728,경제 | 경제,경제,경제,
generation-for-nlp-729,사회탐구 | 경제,사회탐구,경제,
generation-for-nlp-730,사회탐구 | 경제,사회탐구,경제,
generation-for-nlp-732,경제 | 총 수요의 증가,경제,총 수요의 증가,
generation-for-nlp-733,경제 | 경제,경제,경제,
generation-for-nlp-734,경제 | 화폐 수량설,경제,화폐 수량설,
generation-for-nlp-735,사회탐구 | 경제,사회탐구,경제,
generation-for-nlp-737,경제,,,
generation-for-nlp-738,사회탐구 | 경제,사회탐구,경제,
generation-for-nlp-739,경제 | 통화 공급량,경제,통화 공급량,
generation-for-nlp-740,경제 | 경제,경제,경제,
generation-for-nlp-742,경제 | 경제,경제,경제,
generation-for-nlp-743,경제 | 물가,경제,물가,
generation-for-nlp-744,경제 | GDP,경제,GDP,
generation-for-nlp-745,사회탐구 | 경제,사회탐구,경제,
generation-for-nlp-746,경제,,,
generation-for-nlp-747,경제 | GDP,경제,GDP,
generation-for-nlp-749,사회탐구 | 경제,사회탐구,경제,
generation-for-nlp-750,경제 | 경제,경제,경제,
generation-for-nlp-751,경제 | GDP 디플레이터,경제,GDP 디플레이터,
generation-for-nlp-752,경제 | 경제,경제,경제,
generation-for-nlp-753,경제 | 경제,경제,경제,
generation-for-nlp-754,경제 | 유로화 가치가 상승했다.,경제,유로화 가치가 상승했다.,
generation-for-nlp-755,경제 | 경제,경제,경제,
generation-for-nlp-756,경제 | 실질 생산량을 늘리고 물가 수준을 높인다.,경제,실질 생산량을 늘리고 물가 수준을 높인다.,
generation-for-nlp-757,경제 | 경제,경제,경제,
generation-for-nlp-758,사회탐구 | 경제,사회탐구,경제,
generation-for-nlp-759,사회탐구 | 경제,사회탐구,경제,
generation-for-nlp-761,국어 | 화법과 작문,국어,화법과 작문,
generation-for-nlp-762,사회탐구 | 경제,사회탐구,경제,
generation-for-nlp-763,경제 | 경제,경제,경제,
generation-for-nlp-764,경제 | 경제,경제,경제,
generation-for-nlp-765,경제 | 비교 우위,경제,비교 우위,
generation-for-nlp-767,사회탐구 | 경제,사회탐구,경제,
generation-for-nlp-768,경제 | 물가,경제,물가,
generation-for-nlp-769,경제 | 통화 공급량,경제,통화 공급량,
generation-for-nlp-770,사회탐구 | 경제,사회탐구,경제,
generation-for-nlp-771,경제 | 경제,경제,경제,
generation-for-nlp-772,국어 | 화법과 작문,국어,화법과 작문,
generation-for-nlp-773,사회탐구 | 경제,사회탐구,경제,
generation-for-nlp-774,사회탐구 | 경제,사회탐구,경제,
generation-for-nlp-778,사회탐구 | 경제,사회탐구,경제,
generation-for-nlp-780,경제 | 탄력성,경제,탄력성,
generation-for-nlp-781,경제 | 한계 생산성,경제,한계 생산성,
generation-for-nlp-782,경제 | 임금 결정,경제,임금 결정,
generation-for-nlp-783,경제 | 탄력성,경제,탄력성,
generation-for-nlp-784,경제 | 경제,경제,경제,
generation-for-nlp-786,경제 | 가격 하한제,경제,가격 하한제,
generation-for-nlp-787,경제 | 수요와 공급,경제,수요와 공급,
generation-for-nlp-788,사회탐구 | 경제,사회탐구,경제,
generation-for-nlp-790,경제 | 수요 독점,경제,수요 독점,
generation-for-nlp-791,경제 | 희소성,경제,희소성,
generation-for-nlp-792,경제 | 경제,경제,경제,
generation-for-nlp-794,사회탐구 | 경제,사회탐구,경제,
generation-for-nlp-795,경제 | 한계 효용 감소,경제,한계 효용 감소,
generation-for-nlp-796,경제 | 외부성,경제,외부성,
generation-for-nlp-797,경제 | GDP,경제,GDP,
generation-for-nlp-798,경제 | 경제,경제,경제,
generation-for-nlp-799,사회탐구 | 경제,사회탐구,경제,
generation-for-nlp-800,사회탐구 | 생활과 윤리,사회탐구,생활과 윤리,
generation-for-nlp-801,사회탐구 | 경제,사회탐구,경제,
generation-for-nlp-802,사회탐구 | 경제,사회탐구,경제,
generation-for-nlp-803,경제 | 경제,경제,경제,
generation-for-nlp-805,사회탐구 | 경제,사회탐구,경제,
generation-for-nlp-806,경제 | 기회 비용,경제,기회 비용,
generation-for-nlp-807,사회탐구 | 경제,사회탐구,경제,
generation-for-nlp-808,경제 | 한계효용 균등의 원칙,경제,한계효용 균등의 원칙,
generation-for-nlp-810,경제 | 경제,경제,경제,
generation-for-nlp-812,경제 | 독점 경쟁,경제,독점 경쟁,
generation-for-nlp-813,사회탐구 | 경제,사회탐구,경제,
generation-for-nlp-814,경제 | 세금 부담,경제,세금 부담,
generation-for-nlp-815,경제 | 경제,경제,경제,
generation-for-nlp-816,사회탐구 | 경제,사회탐구,경제,
generation-for-nlp-817,사회탐구 | 윤리와 사상,사회탐구,윤리와 사상,
generation-for-nlp-818,국어 | 화법과 작문,국어,화법과 작문,
generation-for-nlp-819,국어 | 문학,국어,문학,
generation-for-nlp-820,사회탐구 | 윤리와 사상,사회탐구,윤리와 사상,
generation-for-nlp-821,국어 | 화법과 작문,국어,화법과 작문,
generation-for-nlp-822,윤리와 사상 |,윤리와 사상,,
generation-for-nlp-823,사회탐구 | 생활과 윤리,사회탐구,생활과 윤리,
generation-for-nlp-824,국어 | 화법과 작문,국어,화법과 작문,
generation-for-nlp-825,사회탐구 | 생활과 윤리,사회탐구,생활과 윤리,
generation-for-nlp-826,국어 | 화법과 작문,국어,화법과 작문,
generation-for-nlp-827,사회탐구 | 생활과 윤리,사회탐구,생활과 윤리,
generation-for-nlp-828,국어 | 화법과 작문,국어,화법과 작문,
generation-for-nlp-829,윤리와 사상 |,윤리와 사상,,
generation-for-nlp-830,국어 | 독서,국어,독서,
generation-for-nlp-831,사회탐구 | 생활과 윤리,사회탐구,생활과 윤리,
generation-for-nlp-832,국어 | 화법과 작문,국어,화법과 작문,
generation-for-nlp-833,사회·문화 | 사회·문화,사회·문화,사회·문화,
generation-for-nlp-835,국어 | 문학,국어,문학,
generation-for-nlp-836,국어 | 화법과 작문,국어,화법과 작문,
generation-for-nlp-837,국어 | 화법과 작문,국어,화법과 작문,
generation-for-nlp-838,국어 | 화법과 작문,국어,화법과 작문,
generation-for-nlp-839,국어 | 화법과 작문,국어,화법과 작문,
generation-for-nlp-840,국어 | 독서,국어,독서,
generation-for-nlp-841,국어 | 화법과 작문,국어,화법과 작문,
generation-for-nlp-842,국어 | 화법과 작문,국어,화법과 작문,
generation-for-nlp-843,사회탐구 | 생활과 윤리,사회탐구,생활과 윤리,
generation-for-nlp-844,사회탐구 | 생활과 윤리,사회탐구,생활과 윤리,
generation-for-nlp-845,국어 | 언어와 매체,국어,언어와 매체,
generation-for-nlp-846,국어 | 언어와 매체,국어,언어와 매체,
generation-for-nlp-847,국어 | 언어와 매체,국어,언어와 매체,
generation-for-nlp-848,사회탐구 | 생활과 윤리,사회탐구,생활과 윤리,
generation-for-nlp-849,국어 | 문학,국어,문학,
generation-for-nlp-850,국어 | 문학,국어,문학,
generation-for-nlp-851,국어 | 화법과 작문,국어,화법과 작문,
generation-for-nlp-852,국어 | 문학,국어,문학,
generation-for-nlp-853,국어 | 언어와 매체,국어,언어와 매체,
generation-for-nlp-854,국어 | 문학,국어,문학,
generation-for-nlp-855,국어 | 문학,국어,문학,
generation-for-nlp-858,국어 | 문학,국어,문학,
generation-for-nlp-859,국어 | 화법과 작문,국어,화법과 작문,
generation-for-nlp-860,국어 | 화법과 작문,국어,화법과 작문,
generation-for-nlp-861,국어 | 독서,국어,독서,
generation-for-nlp-862,국어 | 언어와 매체,국어,언어와 매체,
generation-for-nlp-863,국어 | 화법과 작문,국어,화법과 작문,
generation-for-nlp-864,국어 | 화법과 작문,국어,화법과 작문,
generation-for-nlp-865,국어 | 화법과 작문,국어,화법과 작문,
generation-for-nlp-866,사회탐구 | 사회·문화,사회탐구,사회·문화,
generation-for-nlp-867,국어 | 문학,국어,문학,
generation-for-nlp-868,국어 | 문학,국어,문학,
generation-for-nlp-869,국어 | 화법과 작문,국어,화법과 작문,
generation-for-nlp-870,국어 | 화법과 작문,국어,화법과 작문,
generation-for-nlp-871,국어 | 화법과 작문,국어,화법과 작문,
generation-for-nlp-872,국어 | 문학,국어,문학,
generation-for-nlp-873,국어 | 언어와 매체,국어,언어와 매체,
generation-for-nlp-874,사회탐구 | 윤리와 사상,사회탐구,윤리와 사상,
generation-for-nlp-875,국어 | 화법과 작문,국어,화법과 작문,
generation-for-nlp-876,국어 | 화법과 작문,국어,화법과 작문,
generation-for-nlp-877,국어 | 독서,국어,독서,
generation-for-nlp-879,국어 | 화법과 작문,국어,화법과 작문,
generation-for-nlp-880,윤리와 사상 |,윤리와 사상,,
generation-for-nlp-881,국어 | 화법과 작문,국어,화법과 작문,
generation-for-nlp-882,국어 | 독서,국어,독서,
generation-for-nlp-883,국어 | 화법과 작문,국어,화법과 작문,
generation-for-nlp-884,국어 | 문학,국어,문학,
generation-for-nlp-885,국어 | 독서,국어,독서,
generation-for-nlp-886,국어 | 화법과 작문,국어,화법과 작문,
generation-for-nlp-887,국어 | 화법과 작문,국어,화법과 작문,
generation-for-nlp-888,국어 | 문학,국어,문학,
generation-for-nlp-889,국어 | 화법과 작문,국어,화법과 작문,
generation-for-nlp-890,국어 | 화법과 작문,국어,화법과 작문,
generation-for-nlp-892,국어 | 화법과 작문,국어,화법과 작문,
generation-for-nlp-893,사회·문화 | 사회조사,사회·문화,사회조사,
generation-for-nlp-894,국어 | 문학,국어,문학,
generation-for-nlp-895,사회탐구 | 사회·문화,사회탐구,사회·문화,
generation-for-nlp-896,국어 | 화법과 작문,국어,화법과 작문,
generation-for-nlp-897,국어 | 화법과 작문,국어,화법과 작문,
generation-for-nlp-898,국어 | 화법과 작문,국어,화법과 작문,
generation-for-nlp-899,사회·문화 | 사회·문화,사회·문화,사회·문화,
generation-for-nlp-900,국어 | 화법과 작문,국어,화법과 작문,
generation-for-nlp-901,사회탐구 | 윤리와 사상,사회탐구,윤리와 사상,
generation-for-nlp-902,국어 | 화법과 작문,국어,화법과 작문,
generation-for-nlp-903,국어 | 화법과 작문,국어,화법과 작문,
generation-for-nlp-904,국어 | 독서,국어,독서,
generation-for-nlp-905,국어 | 문학,국어,문학,
generation-for-nlp-909,사회탐구 | 생활과 윤리,사회탐구,생활과 윤리,
generation-for-nlp-910,국어 | 화법과 작문,국어,화법과 작문,
generation-for-nlp-911,국어 | 문학,국어,문학,
generation-for-nlp-912,국어 | 독서,국어,독서,
generation-for-nlp-913,국어 | 문학,국어,문학,
generation-for-nlp-914,사회탐구 | 생활과 윤리,사회탐구,생활과 윤리,
generation-for-nlp-915,국어 | 화법과 작문,국어,화법과 작문,
generation-for-nlp-916,국어 | 문학,국어,문학,
generation-for-nlp-917,국어 | 화법과 작문,국어,화법과 작문,
generation-for-nlp-918,화법과 작문 | 기능적 고착화,화법과 작문,기능적 고착화,
generation-for-nlp-919,국어 | 화법과 작문,국어,화법과 작문,
generation-for-nlp-920,국어 | 화법과 작문,국어,화법과 작문,
generation-for-nlp-921,사회·문화 | 사회·문화,사회·문화,사회·문화,
generation-for-nlp-922,사회탐구 | 생활과 윤리,사회탐구,생활과 윤리,
generation-for-nlp-923,국어 | 문학,국어,문학,
generation-for-nlp-924,사회탐구 | 생활과 윤리,사회탐구,생활과 윤리,
generation-for-nlp-925,사회탐구 | 경제,사회탐구,경제,
generation-for-nlp-927,사회탐구 | 생활과 윤리,사회탐구,생활과 윤리,
generation-for-nlp-929,국어 | 화법과 작문,국어,화법과 작문,
generation-for-nlp-930,국어 | 문학,국어,문학,
generation-for-nlp-933,사회탐구 | 경제,사회탐구,경제,
generation-for-nlp-934,국어 | 화법과 작문,국어,화법과 작문,
generation-for-nlp-935,국어 | 화법과 작문,국어,화법과 작문,
generation-for-nlp-936,정치와 법 | 문간에 발 들여놓기,정치와 법,문간에 발 들여놓기,
generation-for-nlp-937,국어 | 문학,국어,문학,
generation-for-nlp-938,국어 | 문학,국어,문학,
generation-for-nlp-940,국어 | 문학,국어,문학,
generation-for-nlp-941,국어 | 독서,국어,독서,
generation-for-nlp-942,국어 | 언어와 매체,국어,언어와 매체,
generation-for-nlp-943,국어 | 독서,국어,독서,
generation-for-nlp-944,국어 | 문학,국어,문학,
generation-for-nlp-945,사회탐구 | 생활과 윤리,사회탐구,생활과 윤리,
generation-for-nlp-946,국어 | 화법과 작문,국어,화법과 작문,
generation-for-nlp-947,국어 | 문학,국어,문학,
generation-for-nlp-950,사회탐구 | 생활과 윤리,사회탐구,생활과 윤리,
generation-for-nlp-951,사회탐구 | 윤리와 사상,사회탐구,윤리와 사상,
generation-for-nlp-952,사회탐구 | 윤리와 사상,사회탐구,윤리와 사상,
generation-for-nlp-953,국어 | 화법과 작문,국어,화법과 작문,
generation-for-nlp-954,국어 | 문학,국어,문학,
generation-for-nlp-955,국어 | 독서,국어,독서,
generation-for-nlp-956,국어 | 화법과 작문,국어,화법과 작문,
generation-for-nlp-957,사회·문화 | 사회조사,사회·문화,사회조사,
generation-for-nlp-958,국어 | 언어와 매체,국어,언어와 매체,
generation-for-nlp-959,국어 | 화법과 작문,국어,화법과 작문,
generation-for-nlp-960,국어 | 문학,국어,문학,
generation-for-nlp-962,국어 | 화법과 작문,국어,화법과 작문,
generation-for-nlp-963,사회탐구 | 생활과 윤리,사회탐구,생활과 윤리,
generation-for-nlp-964,국어 | 독서,국어,독서,
generation-for-nlp-965,국어 | 화법과 작문,국어,화법과 작문,
generation-for-nlp-966,사회탐구 | 생활과 윤리,사회탐구,생활과 윤리,
generation-for-nlp-967,산업/조직,,,
generation-for-nlp-968,국어 | 독서,국어,독서,
generation-for-nlp-969,국어 | 화법과 작문,국어,화법과 작문,
generation-for-nlp-972,국어 | 화법과 작문,국어,화법과 작문,
generation-for-nlp-973,국어 | 독서,국어,독서,
generation-for-nlp-974,사회탐구 | 윤리와 사상,사회탐구,윤리와 사상,
generation-for-nlp-975,사회탐구 | 생활과 윤리,사회탐구,생활과 윤리,
generation-for-nlp-976,사회탐구 | 정치와 법,사회탐구,정치와 법,
generation-for-nlp-977,사회탐구 | 정치와 법,사회탐구,정치와 법,
generation-for-nlp-978,사회탐구 | 정치와 법,사회탐구,정치와 법,
generation-for-nlp-979,사회탐구 | 정치와 법,사회탐구,정치와 법,
generation-for-nlp-981,사회탐구 | 사회·문화,사회탐구,사회·문화,
generation-for-nlp-982,사회탐구 | 정치와 법,사회탐구,정치와 법,
generation-for-nlp-983,사회탐구 | 경제,사회탐구,경제,
generation-for-nlp-984,정치와 법 | 정치와 법,정치와 법,정치와 법,
generation-for-nlp-985,사회탐구 | 윤리와 사상,사회탐구,윤리와 사상,
generation-for-nlp-986,사회탐구 | 생활과 윤리,사회탐구,생활과 윤리,
generation-for-nlp-987,정치와 법 | 4,정치와 법,4,
generation-for-nlp-988,사회탐구 | 동아시아사,사회탐구,동아시아사,
generation-for-nlp-989,사회탐구 | 동아시아사,사회탐구,동아시아사,
generation-for-nlp-991,사회탐구 | 정치와 법,사회탐구,정치와 법,
generation-for-nlp-992,정치와 법 | 정치와 법,정치와 법,정치와 법,
generation-for-nlp-993,정치와 법 |,정치와 법,,
generation-for-nlp-994,사회탐구 | 동아시아사,사회탐구,동아시아사,
generation-for-nlp-995,정치와 법 | 철도규제법 제정,정치와 법,철도규제법 제정,
generation-for-nlp-996,사회탐구 | 세계사,사회탐구,세계사,
generation-for-nlp-998,사회탐구 | 윤리와 사상,사회탐구,윤리와 사상,
generation-for-nlp-999,사회탐구 | 생활과 윤리,사회탐구,생활과 윤리,
generation-for-nlp-1000,사회탐구 | 생활과 윤리,사회탐구,생활과 윤리,
generation-for-nlp-1001,사회탐구 | 정치와 법,사회탐구,정치와 법,
generation-for-nlp-1003,정치와 법 | 우드로 윌슨의 14개조,정치와 법,우드로 윌슨의 14개조,
generation-for-nlp-1004,정치와 법 | 정치와 법,정치와 법,정치와 법,
generation-for-nlp-1005,정치와 법 | 잭슨 민주주의,정치와 법,잭슨 민주주의,
generation-for-nlp-1006,사회탐구 | 정치와 법,사회탐구,정치와 법,
generation-for-nlp-1007,사회탐구 | 정치와 법,사회탐구,정치와 법,
generation-for-nlp-1008,사회탐구 | 윤리와 사상,사회탐구,윤리와 사상,
generation-for-nlp-1009,사회탐구 | 윤리와 사상,사회탐구,윤리와 사상,
generation-for-nlp-1010,사회탐구 | 정치와 법,사회탐구,정치와 법,
generation-for-nlp-1012,정치와 법 |,정치와 법,,
generation-for-nlp-1014,사회탐구 | 정치와 법,사회탐구,정치와 법,
generation-for-nlp-1016,사회탐구 | 정치와 법,사회탐구,정치와 법,
generation-for-nlp-1019,사회탐구 | 윤리와 사상,사회탐구,윤리와 사상,
generation-for-nlp-1021,사회탐구 | 정치와 법,사회탐구,정치와 법,
generation-for-nlp-1022,사회탐구 | 윤리와 사상,사회탐구,윤리와 사상,
generation-for-nlp-1023,정치와 법 |,정치와 법,,
generation-for-nlp-1026,사회탐구 | 정치와 법,사회탐구,정치와 법,
generation-for-nlp-1027,정치와 법 | 정치와 법,정치와 법,정치와 법,
generation-for-nlp-1030,사회탐구 | 정치와 법,사회탐구,정치와 법,
generation-for-nlp-1031,사회탐구 | 정치와 법,사회탐구,정치와 법,
generation-for-nlp-1033,사회탐구 | 정치와 법,사회탐구,정치와 법,
generation-for-nlp-1034,사회탐구 | 정치와 법,사회탐구,정치와 법,
generation-for-nlp-1035,정치와 법 |,정치와 법,,
generation-for-nlp-1037,사회탐구 | 세계사,사회탐구,세계사,
generation-for-nlp-1039,사회탐구 | 세계사,사회탐구,세계사,
generation-for-nlp-1040,정치와 법 |,정치와 법,,
generation-for-nlp-1041,정치와 법 |,정치와 법,,
generation-for-nlp-1042,사회탐구 | 동아시아사,사회탐구,동아시아사,
generation-for-nlp-1045,사회탐구 | 정치와 법,사회탐구,정치와 법,
generation-for-nlp-1046,사회탐구 | 생활과 윤리,사회탐구,생활과 윤리,
generation-for-nlp-1047,정치와 법 | 정치와 법,정치와 법,정치와 법,
generation-for-nlp-1048,사회탐구 | 정치와 법,사회탐구,정치와 법,
generation-for-nlp-1049,사회탐구 | 정치와 법,사회탐구,정치와 법,
generation-for-nlp-1050,사회탐구 | 정치와 법,사회탐구,정치와 법,
generation-for-nlp-1051,사회탐구 | 정치와 법,사회탐구,정치와 법,
generation-for-nlp-1052,사회탐구 | 정치와 법,사회탐구,정치와 법,
generation-for-nlp-1053,사회탐구 | 정치와 법,사회탐구,정치와 법,
generation-for-nlp-1055,사회탐구 | 세계사,사회탐구,세계사,
generation-for-nlp-1056,사회탐구 | 정치와 법,사회탐구,정치와 법,
generation-for-nlp-1057,사회탐구 | 정치와 법,사회탐구,정치와 법,
generation-for-nlp-1058,정치와 법 | 정치와 법,정치와 법,정치와 법,
generation-for-nlp-1059,사회탐구 | 생활과 윤리,사회탐구,생활과 윤리,
generation-for-nlp-1060,사회탐구 | 윤리와 사상,사회탐구,윤리와 사상,
generation-for-nlp-1062,사회탐구 | 사회·문화,사회탐구,사회·문화,
generation-for-nlp-1063,사회탐구 | 정치와 법,사회탐구,정치와 법,
generation-for-nlp-1064,국어 | 독서,국어,독서,
generation-for-nlp-1065,사회탐구 | 정치와 법,사회탐구,정치와 법,
generation-for-nlp-1066,사회탐구 | 사회·문화,사회탐구,사회·문화,
generation-for-nlp-1067,사회탐구 | 정치와 법,사회탐구,정치와 법,
generation-for-nlp-1068,사회탐구 | 정치와 법,사회탐구,정치와 법,
generation-for-nlp-1069,정치와 법 | 정치와 법,정치와 법,정치와 법,
generation-for-nlp-1070,사회탐구 | 정치와 법,사회탐구,정치와 법,
generation-for-nlp-1071,사회탐구 | 정치와 법,사회탐구,정치와 법,
generation-for-nlp-1072,사회탐구 | 세계사,사회탐구,세계사,
generation-for-nlp-1073,사회탐구 | 정치와 법,사회탐구,정치와 법,
generation-for-nlp-1074,사회탐구 | 윤리와 사상,사회탐구,윤리와 사상,
generation-for-nlp-1075,사회탐구 | 생활과 윤리,사회탐구,생활과 윤리,
generation-for-nlp-1077,정치와 법 | 정치와 법,정치와 법,정치와 법,
generation-for-nlp-1078,사회탐구 | 정치와 법,사회탐구,정치와 법,
generation-for-nlp-1080,사회탐구 | 정치와 법,사회탐구,정치와 법,
generation-for-nlp-1082,사회탐구 | 정치와 법,사회탐구,정치와 법,
generation-for-nlp-1086,정치와 법 |,정치와 법,,
generation-for-nlp-1087,정치와 법 |,정치와 법,,
generation-for-nlp-1088,사회탐구 | 정치와 법,사회탐구,정치와 법,
generation-for-nlp-1089,사회탐구 | 동아시아사,사회탐구,동아시아사,
generation-for-nlp-1090,정치와 법 | 헌법의 도망노예 조항의 의도를 훼손했다.,정치와 법,헌법의 도망노예 조항의 의도를 훼손했다.,
generation-for-nlp-1091,정치와 법 |,정치와 법,,
generation-for-nlp-1092,사회탐구 | 정치와 법,사회탐구,정치와 법,
generation-for-nlp-1093,사회탐구 | 정치와 법,사회탐구,정치와 법,
generation-for-nlp-1094,사회탐구 | 정치와 법,사회탐구,정치와 법,
generation-for-nlp-1095,사회탐구 | 정치와 법,사회탐구,정치와 법,
generation-for-nlp-1096,정치와 법 | 정치와 법,정치와 법,정치와 법,
generation-for-nlp-1097,정치와 법 |,정치와 법,,
generation-for-nlp-1098,사회탐구 | 정치와 법,사회탐구,정치와 법,
generation-for-nlp-1100,사회탐구 | 생활과 윤리,사회탐구,생활과 윤리,
generation-for-nlp-1101,사회탐구 | 동아시아사,사회탐구,동아시아사,
generation-for-nlp-1102,사회탐구 | 윤리와 사상,사회탐구,윤리와 사상,
generation-for-nlp-1103,사회탐구 | 경제,사회탐구,경제,
generation-for-nlp-1104,사회탐구 | 사회·문화,사회탐구,사회·문화,
generation-for-nlp-1105,사회탐구 | 정치와 법,사회탐구,정치와 법,
generation-for-nlp-1107,사회탐구 | 정치와 법,사회탐구,정치와 법,
generation-for-nlp-1108,사회탐구 | 동아시아사,사회탐구,동아시아사,
generation-for-nlp-1109,사회탐구 | 윤리와 사상,사회탐구,윤리와 사상,
generation-for-nlp-1110,사회탐구 | 정치와 법,사회탐구,정치와 법,
generation-for-nlp-1112,정치와 법 | 드레드 스콧 대 샌포드(Dred Scott v. Sanford)(1857),정치와 법,드레드 스콧 대 샌포드(Dred Scott v. Sanford)(1857),
generation-for-nlp-1113,정치와 법 | 정치와 법,정치와 법,정치와 법,
generation-for-nlp-1114,사회탐구 | 정치와 법,사회탐구,정치와 법,
generation-for-nlp-1115,사회탐구 | 정치와 법,사회탐구,정치와 법,
generation-for-nlp-1119,사회탐구 | 정치와 법,사회탐구,정치와 법,
generation-for-nlp-1120,사회탐구 | 경제,사회탐구,경제,
generation-for-nlp-1122,사회탐구 | 정치와 법,사회탐구,정치와 법,
generation-for-nlp-1123,사회탐구 | 세계사,사회탐구,세계사,
generation-for-nlp-1124,정치와 법 | 정치와 법,정치와 법,정치와 법,
generation-for-nlp-1126,사회탐구 | 동아시아사,사회탐구,동아시아사,
generation-for-nlp-1127,사회탐구 | 정치와 법,사회탐구,정치와 법,
generation-for-nlp-1128,사회탐구 | 정치와 법,사회탐구,정치와 법,
generation-for-nlp-1129,사회탐구 | 세계사,사회탐구,세계사,
generation-for-nlp-1130,사회탐구 | 정교 분리,사회탐구,정교 분리,
generation-for-nlp-1131,사회탐구 | 동아시아사,사회탐구,동아시아사,
generation-for-nlp-1132,사회탐구 | 정치와 법,사회탐구,정치와 법,
generation-for-nlp-1133,정치와 법 | 정치와 법,정치와 법,정치와 법,
generation-for-nlp-1135,사회탐구 | 정치와 법,사회탐구,정치와 법,
generation-for-nlp-1136,사회탐구 | 정치와 법,사회탐구,정치와 법,
generation-for-nlp-1137,사회탐구 | 동아시아사,사회탐구,동아시아사,
generation-for-nlp-1138,사회탐구 | 정치와 법,사회탐구,정치와 법,
generation-for-nlp-1139,사회탐구 | 윤리와 사상,사회탐구,윤리와 사상,
generation-for-nlp-1141,사회탐구 | 세계사,사회탐구,세계사,
generation-for-nlp-1142,사회탐구 | 동아시아사,사회탐구,동아시아사,
generation-for-nlp-1143,사회탐구 | 정치와 법,사회탐구,정치와 법,
generation-for-nlp-1144,사회탐구 | 정치와 법,사회탐구,정치와 법,
generation-for-nlp-1145,정치와 법 | 정당의 올바른 역할에 대한 논의,정치와 법,정당의 올바른 역할에 대한 논의,
generation-for-nlp-1146,사회탐구 | 윤리와 사상,사회탐구,윤리와 사상,
generation-for-nlp-1147,사회탐구 | 윤리와 사상,사회탐구,윤리와 사상,
generation-for-nlp-1148,사회탐구 | 동아시아사,사회탐구,동아시아사,
generation-for-nlp-1149,사회탐구 | 정치와 법,사회탐구,정치와 법,
generation-for-nlp-1150,사회탐구 | 정치와 법,사회탐구,정치와 법,
generation-for-nlp-1152,사회탐구 | 비동맹 운동의 형성,사회탐구,비동맹 운동의 형성,
generation-for-nlp-1153,사회탐구 | 윤리와 사상,사회탐구,윤리와 사상,
generation-for-nlp-1155,사회탐구 | 윤리와 사상,사회탐구,윤리와 사상,
generation-for-nlp-1157,사회탐구 | 동아시아사,사회탐구,동아시아사,
generation-for-nlp-1158,사회탐구 | 세계사,사회탐구,세계사,
generation-for-nlp-1159,사회탐구 | 동아시아사,사회탐구,동아시아사,
generation-for-nlp-1160,국어 | 문학,국어,문학,
generation-for-nlp-1161,사회탐구 | 생활과 윤리,사회탐구,생활과 윤리,
generation-for-nlp-1162,사회탐구 | 세계사,사회탐구,세계사,
generation-for-nlp-1163,사회탐구 | 세계사,사회탐구,세계사,
generation-for-nlp-1164,사회탐구 | 세계사,사회탐구,세계사,
generation-for-nlp-1165,사회탐구 | 생활과 윤리,사회탐구,생활과 윤리,
generation-for-nlp-1166,사회탐구 | 생활과 윤리,사회탐구,생활과 윤리,
generation-for-nlp-1167,사회탐구 | 세계사,사회탐구,세계사,
generation-for-nlp-1169,사회탐구 | 동아시아사,사회탐구,동아시아사,
generation-for-nlp-1170,사회탐구 | 동아시아사,사회탐구,동아시아사,
generation-for-nlp-1171,사회탐구 | 정치와 법,사회탐구,정치와 법,
generation-for-nlp-1172,사회탐구 | 동아시아사,사회탐구,동아시아사,
generation-for-nlp-1173,사회탐구 | 동아시아사,사회탐구,동아시아사,
generation-for-nlp-1174,사회탐구 | 세계사,사회탐구,세계사,
generation-for-nlp-1175,사회탐구 | 정치와 법,사회탐구,정치와 법,
generation-for-nlp-1176,사회탐구 | 정치와 법,사회탐구,정치와 법,
generation-for-nlp-1177,국어 | 화법과 작문,국어,화법과 작문,
generation-for-nlp-1178,사회탐구 | 세계사,사회탐구,세계사,
generation-for-nlp-1180,사회탐구 | 윤리와 사상,사회탐구,윤리와 사상,
generation-for-nlp-1181,사회탐구 | 세계사,사회탐구,세계사,
generation-for-nlp-1182,사회탐구 | 정치와 법,사회탐구,정치와 법,
generation-for-nlp-1183,사회탐구 | 생활과 윤리,사회탐구,생활과 윤리,
generation-for-nlp-1184,사회탐구 | 아파르트헤이트,사회탐구,아파르트헤이트,
generation-for-nlp-1185,사회탐구 | 윤리와 사상,사회탐구,윤리와 사상,
generation-for-nlp-1186,사회탐구 | 윤리와 사상,사회탐구,윤리와 사상,
generation-for-nlp-1187,사회탐구 | 세계사,사회탐구,세계사,
generation-for-nlp-1188,사회탐구 | 정치와 법,사회탐구,정치와 법,
generation-for-nlp-1189,사회탐구 | 세계사,사회탐구,세계사,
generation-for-nlp-1191,사회탐구 | 정치와 법,사회탐구,정치와 법,
generation-for-nlp-1192,사회탐구 | 윤리와 사상,사회탐구,윤리와 사상,
generation-for-nlp-1194,사회탐구 | 세계사,사회탐구,세계사,
generation-for-nlp-1195,사회탐구 | 동아시아사,사회탐구,동아시아사,
generation-for-nlp-1196,사회탐구 | 동아시아사,사회탐구,동아시아사,
generation-for-nlp-1199,사회탐구 | 윤리와 사상,사회탐구,윤리와 사상,
generation-for-nlp-1200,사회탐구 | 정치와 법,사회탐구,정치와 법,
generation-for-nlp-1201,사회탐구 | 동아시아사,사회탐구,동아시아사,
generation-for-nlp-1202,사회탐구 | 동아시아사,사회탐구,동아시아사,
generation-for-nlp-1203,사회탐구 | 동아시아사,사회탐구,동아시아사,
generation-for-nlp-1204,사회탐구 | 동아시아사,사회탐구,동아시아사,
generation-for-nlp-1205,사회탐구 | 세계사,사회탐구,세계사,
generation-for-nlp-1207,사회탐구 | 생활과 윤리,사회탐구,생활과 윤리,
generation-for-nlp-1208,사회탐구 | 세계사,사회탐구,세계사,
generation-for-nlp-1209,사회탐구 | 윤리와 사상,사회탐구,윤리와 사상,
generation-for-nlp-1210,사회탐구 | 정치와 법,사회탐구,정치와 법,
generation-for-nlp-1211,사회탐구 | 범아프리카주의,사회탐구,범아프리카주의,
generation-for-nlp-1212,사회탐구 | 윤리와 사상,사회탐구,윤리와 사상,
generation-for-nlp-1213,사회탐구 | 세계사,사회탐구,세계사,
generation-for-nlp-1214,사회탐구 | 정치와 법,사회탐구,정치와 법,
generation-for-nlp-1215,사회탐구 | 동아시아사,사회탐구,동아시아사,
generation-for-nlp-1216,사회탐구 | 세계사,사회탐구,세계사,
generation-for-nlp-1217,사회탐구 | 정치와 법,사회탐구,정치와 법,
generation-for-nlp-1218,사회탐구 | 생활과 윤리,사회탐구,생활과 윤리,
generation-for-nlp-1219,국어 | 문학,국어,문학,
generation-for-nlp-1220,사회탐구 | 경제,사회탐구,경제,
generation-for-nlp-1221,국어 | 문학,국어,문학,
generation-for-nlp-1223,사회탐구 | 세계사,사회탐구,세계사,
generation-for-nlp-1224,사회탐구 | 사회·문화,사회탐구,사회·문화,
generation-for-nlp-1226,사회탐구 | 세계사,사회탐구,세계사,
generation-for-nlp-1227,사회탐구 | 동아시아사,사회탐구,동아시아사,
generation-for-nlp-1228,사회탐구 | 생활과 윤리,사회탐구,생활과 윤리,
generation-for-nlp-1229,국어 | 문학,국어,문학,
generation-for-nlp-1230,사회탐구 | 윤리와 사상,사회탐구,윤리와 사상,
generation-for-nlp-1231,사회탐구 | 정치와 법,사회탐구,정치와 법,
generation-for-nlp-1232,사회탐구 | 동아시아사,사회탐구,동아시아사,
generation-for-nlp-1233,사회탐구 | 정치와 법,사회탐구,정치와 법,
generation-for-nlp-1234,사회탐구 | 동아시아사,사회탐구,동아시아사,
generation-for-nlp-1235,사회탐구 | 강제 노동의 새로운 시스템,사회탐구,강제 노동의 새로운 시스템,
generation-for-nlp-1236,사회탐구 | 생활과 윤리,사회탐구,생활과 윤리,
generation-for-nlp-1237,사회탐구 | 동아시아사,사회탐구,동아시아사,
generation-for-nlp-1238,사회탐구 | 세계사,사회탐구,세계사,
generation-for-nlp-1239,사회탐구 | 생활과 윤리,사회탐구,생활과 윤리,
generation-for-nlp-1240,사회탐구 | 정치와 법,사회탐구,정치와 법,
generation-for-nlp-1241,국어 | 문학,국어,문학,
generation-for-nlp-1243,사회탐구 | 경제,사회탐구,경제,
generation-for-nlp-1244,사회탐구 | 정치와 법,사회탐구,정치와 법,
generation-for-nlp-1245,사회탐구 | 정치와 법,사회탐구,정치와 법,
generation-for-nlp-1246,사회탐구 | 동아시아사,사회탐구,동아시아사,
generation-for-nlp-1247,사회탐구 | 윤리와 사상,사회탐구,윤리와 사상,
generation-for-nlp-1248,사회탐구 | 정치와 법,사회탐구,정치와 법,
generation-for-nlp-1249,사회탐구 | 세계사,사회탐구,세계사,
generation-for-nlp-1250,사회탐구 | 정치와 법,사회탐구,정치와 법,
generation-for-nlp-1251,사회탐구 | 동아시아사,사회탐구,동아시아사,
generation-for-nlp-1254,사회탐구 | 세계사,사회탐구,세계사,
generation-for-nlp-1255,사회탐구 | 동아시아사,사회탐구,동아시아사,
generation-for-nlp-1256,사회탐구 | 정치와 법,사회탐구,정치와 법,
generation-for-nlp-1257,사회탐구 | 동아시아사,사회탐구,동아시아사,
generation-for-nlp-1258,사회탐구 | 세계사,사회탐구,세계사,
generation-for-nlp-1260,사회탐구 | 세계사,사회탐구,세계사,
generation-for-nlp-1261,사회탐구 | 30년 전쟁,사회탐구,30년 전쟁,
generation-for-nlp-1262,사회탐구 | 윤리와 사상,사회탐구,윤리와 사상,
generation-for-nlp-1263,사회탐구 | 정치와 법,사회탐구,정치와 법,
generation-for-nlp-1264,사회탐구 | 세계사,사회탐구,세계사,
generation-for-nlp-1265,국어 | 문학,국어,문학,
generation-for-nlp-1266,사회탐구 | 정치와 법,사회탐구,정치와 법,
generation-for-nlp-1267,사회탐구 | 세계사,사회탐구,세계사,
generation-for-nlp-1268,국어 | 문학,국어,문학,
generation-for-nlp-1269,사회탐구 | 윤리와 사상,사회탐구,윤리와 사상,
generation-for-nlp-1270,사회탐구 | 생활과 윤리,사회탐구,생활과 윤리,
generation-for-nlp-1271,사회탐구 | 세계사,사회탐구,세계사,
generation-for-nlp-1272,사회탐구 | 정치와 법,사회탐구,정치와 법,
generation-for-nlp-1274,사회탐구 | 세계사,사회탐구,세계사,
generation-for-nlp-1275,사회탐구 | 세계사,사회탐구,세계사,
generation-for-nlp-1276,사회탐구 | 정치와 법,사회탐구,정치와 법,
generation-for-nlp-1278,사회탐구 | 정치와 법,사회탐구,정치와 법,
generation-for-nlp-1280,사회탐구 | 윤리와 사상,사회탐구,윤리와 사상,
generation-for-nlp-1281,사회탐구 | 생활과 윤리,사회탐구,생활과 윤리,
generation-for-nlp-1282,사회탐구 | 세계사,사회탐구,세계사,
generation-for-nlp-1283,사회탐구 | 동아시아사,사회탐구,동아시아사,
generation-for-nlp-1284,사회탐구 | 윤리와 사상,사회탐구,윤리와 사상,
generation-for-nlp-1285,사회탐구 | 세계사,사회탐구,세계사,
generation-for-nlp-1287,사회탐구 | 생활과 윤리,사회탐구,생활과 윤리,
generation-for-nlp-1288,사회탐구 | 윤리와 사상,사회탐구,윤리와 사상,
generation-for-nlp-1289,사회탐구 | 세계사,사회탐구,세계사,
generation-for-nlp-1290,국어 | 문학,국어,문학,
generation-for-nlp-1291,사회탐구 | 세계사,사회탐구,세계사,
generation-for-nlp-1293,사회탐구 | 정치와 법,사회탐구,정치와 법,
generation-for-nlp-1294,사회탐구 | 정치와 법,사회탐구,정치와 법,
generation-for-nlp-1295,사회탐구 | 탈식민지화,사회탐구,탈식민지화,
generation-for-nlp-1296,사회탐구 | 동아시아사,사회탐구,동아시아사,
generation-for-nlp-1297,사회탐구 | 동아시아사,사회탐구,동아시아사,
generation-for-nlp-1298,사회탐구 | 동아시아사,사회탐구,동아시아사,
generation-for-nlp-1299,사회탐구 | 세계사,사회탐구,세계사,
generation-for-nlp-1302,사회탐구 | 윤리와 사상,사회탐구,윤리와 사상,
generation-for-nlp-1303,사회탐구 | 생활과 윤리,사회탐구,생활과 윤리,
generation-for-nlp-1305,사회탐구 | 윤리와 사상,사회탐구,윤리와 사상,
generation-for-nlp-1306,사회탐구 | 정치와 법,사회탐구,정치와 법,
generation-for-nlp-1308,사회탐구 | 동아시아사,사회탐구,동아시아사,
generation-for-nlp-1309,사회탐구 | 세계사,사회탐구,세계사,
generation-for-nlp-1310,정치와 법 |,정치와 법,,
generation-for-nlp-1311,사회탐구 | 윤리와 사상,사회탐구,윤리와 사상,
generation-for-nlp-1313,사회탐구 | 세계사,사회탐구,세계사,
generation-for-nlp-1314,사회탐구 | 세계사,사회탐구,세계사,
generation-for-nlp-1315,사회탐구 | 윤리와 사상,사회탐구,윤리와 사상,
generation-for-nlp-1316,사회탐구 | 세계사,사회탐구,세계사,
generation-for-nlp-1317,사회탐구 | 동아시아사,사회탐구,동아시아사,
generation-for-nlp-1318,사회탐구 | 정치와 법,사회탐구,정치와 법,
generation-for-nlp-1319,사회탐구 | 세계사,사회탐구,세계사,
generation-for-nlp-1320,사회탐구 | 세계사,사회탐구,세계사,
generation-for-nlp-1321,사회탐구 | 세계사,사회탐구,세계사,
generation-for-nlp-1322,사회탐구 | 동아시아사,사회탐구,동아시아사,
generation-for-nlp-1323,사회탐구 | 세계사,사회탐구,세계사,
generation-for-nlp-1324,사회탐구 | 윤리와 사상,사회탐구,윤리와 사상,
generation-for-nlp-1325,사회탐구 | 경제,사회탐구,경제,
generation-for-nlp-1326,사회탐구 | 세계사,사회탐구,세계사,
generation-for-nlp-1327,국어 | 문학,국어,문학,
generation-for-nlp-1328,사회탐구 | 경제,사회탐구,경제,
generation-for-nlp-1329,사회탐구 | 윤리와 사상,사회탐구,윤리와 사상,
generation-for-nlp-1332,사회탐구 | 생활과 윤리,사회탐구,생활과 윤리,
generation-for-nlp-1333,사회탐구 | 세계사,사회탐구,세계사,
generation-for-nlp-1334,사회탐구 | 생활과 윤리,사회탐구,생활과 윤리,
generation-for-nlp-1335,사회탐구 | 세계사,사회탐구,세계사,
generation-for-nlp-1336,사회탐구 | 세계사,사회탐구,세계사,
generation-for-nlp-1337,사회탐구 | 세계사,사회탐구,세계사,
generation-for-nlp-1338,사회탐구 | 세계사,사회탐구,세계사,
generation-for-nlp-1339,사회탐구 | 동아시아사,사회탐구,동아시아사,
generation-for-nlp-1340,사회탐구 | 동아시아사,사회탐구,동아시아사,
generation-for-nlp-1341,사회탐구 | 세계사,사회탐구,세계사,
generation-for-nlp-1342,사회탐구 | 생활과 윤리,사회탐구,생활과 윤리,
generation-for-nlp-1344,사회탐구 | 윤리와 사상,사회탐구,윤리와 사상,
generation-for-nlp-1347,사회탐구 | 세계사,사회탐구,세계사,
generation-for-nlp-1348,사회탐구 | 세계사,사회탐구,세계사,
generation-for-nlp-1349,사회탐구 | 동아시아사,사회탐구,동아시아사,
generation-for-nlp-1351,사회탐구 | 세계사,사회탐구,세계사,
generation-for-nlp-1352,국어 | 문학,국어,문학,
generation-for-nlp-1353,사회탐구 | 동아시아사,사회탐구,동아시아사,
generation-for-nlp-1354,사회탐구 | 세계사,사회탐구,세계사,
generation-for-nlp-1355,사회탐구 | 생활과 윤리,사회탐구,생활과 윤리,
generation-for-nlp-1356,사회탐구 | 동아시아사,사회탐구,동아시아사,
generation-for-nlp-1357,사회탐구 | 세계사,사회탐구,세계사,
generation-for-nlp-1358,사회탐구 | 세계사,사회탐구,세계사,
generation-for-nlp-1359,사회탐구 | 생활과 윤리,사회탐구,생활과 윤리,
generation-for-nlp-1360,사회탐구 | 동아시아사,사회탐구,동아시아사,
generation-for-nlp-1361,사회탐구 | 동아시아사,사회탐구,동아시아사,
generation-for-nlp-1362,사회탐구 | 정치와 법,사회탐구,정치와 법,
generation-for-nlp-1365,사회탐구 | 세계사,사회탐구,세계사,
generation-for-nlp-1366,사회탐구 | 윤리와 사상,사회탐구,윤리와 사상,
generation-for-nlp-1367,사회탐구 | 윤리와 사상,사회탐구,윤리와 사상,
generation-for-nlp-1368,사회탐구 | 정치와 법,사회탐구,정치와 법,
generation-for-nlp-1369,사회탐구 | 세계사,사회탐구,세계사,
generation-for-nlp-1371,사회탐구 | 세계사,사회탐구,세계사,
generation-for-nlp-1372,사회탐구 | 윤리와 사상,사회탐구,윤리와 사상,
generation-for-nlp-1373,사회탐구 | 정치와 법,사회탐구,정치와 법,
generation-for-nlp-1374,사회탐구 | 생활과 윤리,사회탐구,생활과 윤리,
generation-for-nlp-1375,사회탐구 | 세계사,사회탐구,세계사,
generation-for-nlp-1377,사회탐구 | 동아시아사,사회탐구,동아시아사,
generation-for-nlp-1379,사회탐구 | 경제,사회탐구,경제,
generation-for-nlp-1380,사회탐구 | 생활과 윤리,사회탐구,생활과 윤리,
generation-for-nlp-1383,사회탐구 | 정치와 법,사회탐구,정치와 법,
generation-for-nlp-1384,사회탐구 | 생활과 윤리,사회탐구,생활과 윤리,
generation-for-nlp-1386,사회탐구 | 생활과 윤리,사회탐구,생활과 윤리,
generation-for-nlp-1388,국어 | 화법과 작문,국어,화법과 작문,
generation-for-nlp-1389,사회탐구 | 생활과 윤리,사회탐구,생활과 윤리,
generation-for-nlp-1390,사회탐구 | 정치와 법,사회탐구,정치와 법,
generation-for-nlp-1391,사회탐구 | 경제,사회탐구,경제,
generation-for-nlp-1392,사회탐구 | 정치와 법,사회탐구,정치와 법,
generation-for-nlp-1394,사회탐구 | 동아시아사,사회탐구,동아시아사,
generation-for-nlp-1396,국어 | 화법과 작문,국어,화법과 작문,
generation-for-nlp-1397,사회탐구 | 생활과 윤리,사회탐구,생활과 윤리,
generation-for-nlp-1398,사회탐구 | 경제,사회탐구,경제,
generation-for-nlp-1399,사회탐구 | 경제,사회탐구,경제,
generation-for-nlp-1400,사회탐구 | 정치와 법,사회탐구,정치와 법,
generation-for-nlp-1401,사회탐구 | 경제,사회탐구,경제,
generation-for-nlp-1402,사회탐구 | 생활과 윤리,사회탐구,생활과 윤리,
generation-for-nlp-1405,사회탐구 | 생활과 윤리,사회탐구,생활과 윤리,
generation-for-nlp-1406,사회탐구 | 경제,사회탐구,경제,
generation-for-nlp-1407,사회탐구 | 윤리와 사상,사회탐구,윤리와 사상,
generation-for-nlp-1408,사회탐구 | 경제,사회탐구,경제,
generation-for-nlp-1409,사회탐구 | 생활과 윤리,사회탐구,생활과 윤리,
generation-for-nlp-1410,사회탐구 | 경제,사회탐구,경제,
generation-for-nlp-1411,사회탐구 | 정치와 법,사회탐구,정치와 법,
generation-for-nlp-1412,사회탐구 | 생활과 윤리,사회탐구,생활과 윤리,
generation-for-nlp-1413,사회탐구 | 생활과 윤리,사회탐구,생활과 윤리,
generation-for-nlp-1414,사회탐구 | 경제,사회탐구,경제,
generation-for-nlp-1415,사회탐구 | 경제,사회탐구,경제,
generation-for-nlp-1416,사회탐구 | 정치와 법,사회탐구,정치와 법,
generation-for-nlp-1417,사회탐구 | 경제,사회탐구,경제,
generation-for-nlp-1418,사회탐구 | 생활과 윤리,사회탐구,생활과 윤리,
generation-for-nlp-1420,사회탐구 | 정치와 법,사회탐구,정치와 법,
generation-for-nlp-1421,사회탐구 | 생활과 윤리,사회탐구,생활과 윤리,
generation-for-nlp-1422,사회탐구 | 경제,사회탐구,경제,
generation-for-nlp-1424,사회탐구 | 생활과 윤리,사회탐구,생활과 윤리,
generation-for-nlp-1425,사회탐구 | 경제,사회탐구,경제,
generation-for-nlp-1426,사회탐구 | 경제,사회탐구,경제,
generation-for-nlp-1427,사회탐구 | 생활과 윤리,사회탐구,생활과 윤리,
generation-for-nlp-1428,사회탐구 | 사회·문화,사회탐구,사회·문화,
generation-for-nlp-1432,사회탐구 | 생활과 윤리,사회탐구,생활과 윤리,
generation-for-nlp-1434,사회탐구 | 생활과 윤리,사회탐구,생활과 윤리,
generation-for-nlp-1435,사회탐구 | 사회·문화,사회탐구,사회·문화,
generation-for-nlp-1436,사회탐구 | 생활과 윤리,사회탐구,생활과 윤리,
generation-for-nlp-1437,사회탐구 | 생활과 윤리,사회탐구,생활과 윤리,
generation-for-nlp-1438,사회탐구 | 경제,사회탐구,경제,
generation-for-nlp-1439,사회탐구 | 생활과 윤리,사회탐구,생활과 윤리,
generation-for-nlp-1441,국어 | 독서,국어,독서,
generation-for-nlp-1442,사회탐구 | 생활과 윤리,사회탐구,생활과 윤리,
generation-for-nlp-1444,사회탐구 | 경제,사회탐구,경제,
generation-for-nlp-1445,사회탐구 | 생활과 윤리,사회탐구,생활과 윤리,
generation-for-nlp-1446,사회탐구 | 동아시아사,사회탐구,동아시아사,
generation-for-nlp-1447,국어 | 독서,국어,독서,
generation-for-nlp-1449,사회탐구 | 경제,사회탐구,경제,
generation-for-nlp-1451,국어 | 독서,국어,독서,
generation-for-nlp-1454,국어 | 문학,국어,문학,
generation-for-nlp-1455,사회탐구 | 경제,사회탐구,경제,
generation-for-nlp-1457,사회탐구 | 정치와 법,사회탐구,정치와 법,
generation-for-nlp-1458,사회탐구 | 동아시아사,사회탐구,동아시아사,
generation-for-nlp-1459,사회탐구 | 생활과 윤리,사회탐구,생활과 윤리,
generation-for-nlp-1461,사회탐구 | 경제,사회탐구,경제,
generation-for-nlp-1462,사회탐구 | 경제,사회탐구,경제,
generation-for-nlp-1463,사회탐구 | 경제,사회탐구,경제,
generation-for-nlp-1464,사회탐구 | 생활과 윤리,사회탐구,생활과 윤리,
generation-for-nlp-1465,사회탐구 | 정치와 법,사회탐구,정치와 법,
generation-for-nlp-1467,사회탐구 | 경제,사회탐구,경제,
generation-for-nlp-1468,사회탐구 | 생활과 윤리,사회탐구,생활과 윤리,
generation-for-nlp-1469,사회탐구 | 세계사,사회탐구,세계사,
generation-for-nlp-1470,국어 | 문학,국어,문학,
generation-for-nlp-1471,사회탐구 | 경제,사회탐구,경제,
generation-for-nlp-1472,사회탐구 | 경제,사회탐구,경제,
generation-for-nlp-1473,사회탐구 | 생활과 윤리,사회탐구,생활과 윤리,
generation-for-nlp-1474,사회탐구 | 생활과 윤리,사회탐구,생활과 윤리,
generation-for-nlp-1475,사회탐구 | 정치와 법,사회탐구,정치와 법,
generation-for-nlp-1476,정치와 법 | 정치와 법,정치와 법,정치와 법,
generation-for-nlp-1477,정치와 법 |,정치와 법,,
generation-for-nlp-1478,사회탐구 | 경제,사회탐구,경제,
generation-for-nlp-1479,사회탐구 | 생활과 윤리,사회탐구,생활과 윤리,
generation-for-nlp-1481,사회탐구 | 경제,사회탐구,경제,
generation-for-nlp-1482,사회탐구 | 정치와 법,사회탐구,정치와 법,
generation-for-nlp-1483,사회탐구 | 경제,사회탐구,경제,
generation-for-nlp-1485,사회탐구 | 경제,사회탐구,경제,
generation-for-nlp-1487,사회탐구 | 경제,사회탐구,경제,
generation-for-nlp-1488,사회탐구 | 동아시아사,사회탐구,동아시아사,
generation-for-nlp-1489,사회탐구 | 경제,사회탐구,경제,
generation-for-nlp-1490,국어 | 독서,국어,독서,
generation-for-nlp-1491,사회탐구 | 생활과 윤리,사회탐구,생활과 윤리,
generation-for-nlp-1493,사회탐구 | 경제,사회탐구,경제,
generation-for-nlp-1494,사회탐구 | 정치와 법,사회탐구,정치와 법,
generation-for-nlp-1495,사회탐구 | 생활과 윤리,사회탐구,생활과 윤리,
generation-for-nlp-1496,국어 | 독서,국어,독서,
generation-for-nlp-1497,사회탐구 | 생활과 윤리,사회탐구,생활과 윤리,
generation-for-nlp-1498,사회탐구 | 정치와 법,사회탐구,정치와 법,
generation-for-nlp-1499,사회탐구 | 정치와 법,사회탐구,정치와 법,
generation-for-nlp-1501,국어 | 독서,국어,독서,
generation-for-nlp-1502,사회탐구 | 경제,사회탐구,경제,
generation-for-nlp-1503,사회탐구 | 정치와 법,사회탐구,정치와 법,
generation-for-nlp-1504,사회탐구 | 생활과 윤리,사회탐구,생활과 윤리,
generation-for-nlp-1505,사회탐구 | 생활과 윤리,사회탐구,생활과 윤리,
generation-for-nlp-1506,사회탐구 | 경제,사회탐구,경제,
generation-for-nlp-1507,사회탐구 | 경제,사회탐구,경제,
generation-for-nlp-1508,사회탐구 | 경제,사회탐구,경제,
generation-for-nlp-1509,국어 | 독서,국어,독서,
generation-for-nlp-1510,사회탐구 | 사회·문화,사회탐구,사회·문화,
generation-for-nlp-1511,사회탐구 | 생활과 윤리,사회탐구,생활과 윤리,
generation-for-nlp-1513,사회탐구 | 경제,사회탐구,경제,
generation-for-nlp-1514,사회탐구 | 생활과 윤리,사회탐구,생활과 윤리,
generation-for-nlp-1515,사회탐구 | 경제,사회탐구,경제,
generation-for-nlp-1517,사회탐구 | 경제,사회탐구,경제,
generation-for-nlp-1518,사회탐구 | 경제,사회탐구,경제,
generation-for-nlp-1519,사회탐구 | 생활과 윤리,사회탐구,생활과 윤리,
generation-for-nlp-1520,사회탐구 | 정치와 법,사회탐구,정치와 법,
generation-for-nlp-1521,사회탐구 | 정치와 법,사회탐구,정치와 법,
generation-for-nlp-1522,사회탐구 | 생활과 윤리,사회탐구,생활과 윤리,
generation-for-nlp-1523,사회탐구 | 정치와 법,사회탐구,정치와 법,
generation-for-nlp-1524,사회탐구 | 생활과 윤리,사회탐구,생활과 윤리,
generation-for-nlp-1526,사회탐구 | 생활과 윤리,사회탐구,생활과 윤리,
generation-for-nlp-1528,사회탐구 | 정치와 법,사회탐구,정치와 법,
generation-for-nlp-1529,사회탐구 | 생활과 윤리,사회탐구,생활과 윤리,
generation-for-nlp-1530,사회탐구 | 생활과 윤리,사회탐구,생활과 윤리,
generation-for-nlp-1532,사회탐구 | 생활과 윤리,사회탐구,생활과 윤리,
generation-for-nlp-1533,국어 | 화법과 작문,국어,화법과 작문,
generation-for-nlp-1534,사회탐구 | 동아시아사,사회탐구,동아시아사,
generation-for-nlp-1535,사회탐구 | 생활과 윤리,사회탐구,생활과 윤리,
generation-for-nlp-1536,사회탐구 | 생활과 윤리,사회탐구,생활과 윤리,
generation-for-nlp-1537,사회탐구 | 정치와 법,사회탐구,정치와 법,
generation-for-nlp-1538,사회탐구 | 경제,사회탐구,경제,
generation-for-nlp-1539,정치와 법 | 정치와 법,정치와 법,정치와 법,
generation-for-nlp-1540,사회탐구 | 정치와 법,사회탐구,정치와 법,
generation-for-nlp-1542,사회탐구 | 정치와 법,사회탐구,정치와 법,
generation-for-nlp-1543,사회탐구 | 생활과 윤리,사회탐구,생활과 윤리,
generation-for-nlp-1544,정치와 법 | 정치와 법,정치와 법,정치와 법,
generation-for-nlp-1545,사회탐구 | 경제,사회탐구,경제,
generation-for-nlp-1546,사회탐구 | 정치와 법,사회탐구,정치와 법,
generation-for-nlp-1547,사회탐구 | 경제,사회탐구,경제,
generation-for-nlp-1548,사회탐구 | 정치와 법,사회탐구,정치와 법,
generation-for-nlp-1549,사회탐구 | 정치와 법,사회탐구,정치와 법,
generation-for-nlp-1550,사회탐구 | 경제,사회탐구,경제,
generation-for-nlp-1551,사회탐구 | 경제,사회탐구,경제,
generation-for-nlp-1553,사회탐구 | 생활과 윤리,사회탐구,생활과 윤리,
generation-for-nlp-1555,사회탐구 | 경제,사회탐구,경제,
generation-for-nlp-1556,사회탐구 | 생활과 윤리,사회탐구,생활과 윤리,
generation-for-nlp-1557,사회탐구 | 생활과 윤리,사회탐구,생활과 윤리,
generation-for-nlp-1559,사회탐구 | 사회·문화,사회탐구,사회·문화,
generation-for-nlp-1560,사회탐구 | 경제,사회탐구,경제,
generation-for-nlp-1561,사회탐구 | 생활과 윤리,사회탐구,생활과 윤리,
generation-for-nlp-1562,사회탐구 | 정치와 법,사회탐구,정치와 법,
generation-for-nlp-1563,사회탐구 | 생활과 윤리,사회탐구,생활과 윤리,
generation-for-nlp-1567,사회탐구 | 경제,사회탐구,경제,
generation-for-nlp-1569,사회탐구 | 생활과 윤리,사회탐구,생활과 윤리,
generation-for-nlp-1571,사회탐구 | 생활과 윤리,사회탐구,생활과 윤리,
generation-for-nlp-1573,사회탐구 | 생활과 윤리,사회탐구,생활과 윤리,
generation-for-nlp-1574,사회탐구 | 경제,사회탐구,경제,
generation-for-nlp-1575,사회탐구 | 생활과 윤리,사회탐구,생활과 윤리,
generation-for-nlp-1576,사회탐구 | 생활과 윤리,사회탐구,생활과 윤리,
generation-for-nlp-1578,사회탐구 | 경제,사회탐구,경제,
generation-for-nlp-1580,정치와 법 |,정치와 법,,
generation-for-nlp-1581,사회탐구 | 생활과 윤리,사회탐구,생활과 윤리,
generation-for-nlp-1582,사회탐구 | 생활과 윤리,사회탐구,생활과 윤리,
generation-for-nlp-1583,사회탐구 | 경제,사회탐구,경제,
generation-for-nlp-1585,사회탐구 | 생활과 윤리,사회탐구,생활과 윤리,
generation-for-nlp-1586,사회탐구 | 경제,사회탐구,경제,
generation-for-nlp-1587,사회탐구 | 생활과 윤리,사회탐구,생활과 윤리,
generation-for-nlp-1589,사회탐구 | 생활과 윤리,사회탐구,생활과 윤리,
generation-for-nlp-1590,사회·문화 | 사회·문화,사회·문화,사회·문화,
generation-for-nlp-1592,사회탐구 | 경제,사회탐구,경제,
generation-for-nlp-1593,사회탐구 | 생활과 윤리,사회탐구,생활과 윤리,
generation-for-nlp-1596,국어 | 독서,국어,독서,
generation-for-nlp-1597,사회탐구 | 생활과 윤리,사회탐구,생활과 윤리,
generation-for-nlp-1600,사회탐구 | 생활과 윤리,사회탐구,생활과 윤리,
generation-for-nlp-1601,사회탐구 | 경제,사회탐구,경제,
generation-for-nlp-1602,사회탐구 | 정치와 법,사회탐구,정치와 법,
generation-for-nlp-1604,사회탐구 | 생활과 윤리,사회탐구,생활과 윤리,
generation-for-nlp-1605,사회탐구 | 경제,사회탐구,경제,
generation-for-nlp-1606,사회탐구 | 동아시아사,사회탐구,동아시아사,
generation-for-nlp-1607,사회탐구 | 경제,사회탐구,경제,
generation-for-nlp-1608,사회탐구 | 동아시아사,사회탐구,동아시아사,
generation-for-nlp-1610,사회탐구 | 생활과 윤리,사회탐구,생활과 윤리,
generation-for-nlp-1611,사회탐구 | 경제,사회탐구,경제,
generation-for-nlp-1612,정치와 법 |,정치와 법,,
generation-for-nlp-1614,사회탐구 | 경제,사회탐구,경제,
generation-for-nlp-1615,사회탐구 | 생활과 윤리,사회탐구,생활과 윤리,
generation-for-nlp-1616,사회탐구 | 경제,사회탐구,경제,
generation-for-nlp-1617,사회탐구 | 경제,사회탐구,경제,
generation-for-nlp-1619,사회탐구 | 생활과 윤리,사회탐구,생활과 윤리,
generation-for-nlp-1620,국어 | 화법과 작문,국어,화법과 작문,
generation-for-nlp-1621,정치와 법 |,정치와 법,,
generation-for-nlp-1622,사회탐구 | 정치와 법,사회탐구,정치와 법,
generation-for-nlp-1623,사회탐구 | 경제,사회탐구,경제,
generation-for-nlp-1624,사회탐구 | 경제,사회탐구,경제,
generation-for-nlp-1625,사회탐구 | 윤리와 사상,사회탐구,윤리와 사상,
generation-for-nlp-1626,사회탐구 | 생활과 윤리,사회탐구,생활과 윤리,
generation-for-nlp-1627,사회탐구 | 동아시아사,사회탐구,동아시아사,
generation-for-nlp-1628,사회탐구 | 정치와 법,사회탐구,정치와 법,
generation-for-nlp-1629,사회탐구 | 생활과 윤리,사회탐구,생활과 윤리,
generation-for-nlp-1630,사회탐구 | 동아시아사,사회탐구,동아시아사,
generation-for-nlp-1631,사회탐구 | 경제,사회탐구,경제,
generation-for-nlp-1632,사회탐구 | 경제,사회탐구,경제,
generation-for-nlp-1633,사회탐구 | 생활과 윤리,사회탐구,생활과 윤리,
generation-for-nlp-1634,사회탐구 | 정치와 법,사회탐구,정치와 법,
generation-for-nlp-1635,사회탐구 | 생활과 윤리,사회탐구,생활과 윤리,
generation-for-nlp-1636,국어 | 문학,국어,문학,
generation-for-nlp-1637,사회탐구 | 생활과 윤리,사회탐구,생활과 윤리,
generation-for-nlp-1638,사회탐구 | 정치와 법,사회탐구,정치와 법,
generation-for-nlp-1639,사회탐구 | 생활과 윤리,사회탐구,생활과 윤리,
generation-for-nlp-1640,사회탐구 | 정치와 법,사회탐구,정치와 법,
generation-for-nlp-1641,정치와 법 |,정치와 법,,
generation-for-nlp-1642,사회탐구 | 경제,사회탐구,경제,
generation-for-nlp-1643,사회탐구 | 경제,사회탐구,경제,
generation-for-nlp-1644,정치와 법 | 정치와 법,정치와 법,정치와 법,
generation-for-nlp-1646,사회탐구 | 생활과 윤리,사회탐구,생활과 윤리,
generation-for-nlp-1647,사회탐구 | 윤리와 사상,사회탐구,윤리와 사상,
generation-for-nlp-1648,사회탐구 | 경제,사회탐구,경제,
generation-for-nlp-1649,사회탐구 | 경제,사회탐구,경제,
generation-for-nlp-1651,사회탐구 | 생활과 윤리,사회탐구,생활과 윤리,
generation-for-nlp-1652,사회탐구 | 생활과 윤리,사회탐구,생활과 윤리,
generation-for-nlp-1653,사회탐구 | 생활과 윤리,사회탐구,생활과 윤리,
generation-for-nlp-1654,사회탐구 | 정치와 법,사회탐구,정치와 법,
generation-for-nlp-1655,사회탐구 | 생활과 윤리,사회탐구,생활과 윤리,
generation-for-nlp-1656,사회탐구 | 생활과 윤리,사회탐구,생활과 윤리,
generation-for-nlp-1657,사회탐구 | 생활과 윤리,사회탐구,생활과 윤리,
generation-for-nlp-1658,사회탐구 | 정치와 법,사회탐구,정치와 법,
generation-for-nlp-1659,사회탐구 | 경제,사회탐구,경제,
generation-for-nlp-1660,사회탐구 | 생활과 윤리,사회탐구,생활과 윤리,
generation-for-nlp-1661,사회탐구 | 생활과 윤리,사회탐구,생활과 윤리,
generation-for-nlp-1662,사회탐구 | 동아시아사,사회탐구,동아시아사,
generation-for-nlp-1663,사회탐구 | 경제,사회탐구,경제,
generation-for-nlp-1664,사회탐구 | 경제,사회탐구,경제,
generation-for-nlp-1665,사회탐구 | 생활과 윤리,사회탐구,생활과 윤리,
generation-for-nlp-1666,사회탐구 | 생활과 윤리,사회탐구,생활과 윤리,
generation-for-nlp-1668,사회탐구 | 동아시아사,사회탐구,동아시아사,
generation-for-nlp-1669,국어 | 화법과 작문,국어,화법과 작문,
generation-for-nlp-1671,사회탐구 | 생활과 윤리,사회탐구,생활과 윤리,
generation-for-nlp-1672,사회탐구 | 경제,사회탐구,경제,
generation-for-nlp-1673,사회탐구 | 경제,사회탐구,경제,
generation-for-nlp-1675,사회탐구 | 동아시아사,사회탐구,동아시아사,
generation-for-nlp-1676,사회탐구 | 경제,사회탐구,경제,
generation-for-nlp-1677,사회탐구 | 사회·문화,사회탐구,사회·문화,
generation-for-nlp-1678,사회탐구 | 정치와 법,사회탐구,정치와 법,
generation-for-nlp-1679,사회탐구 | 윤리와 사상,사회탐구,윤리와 사상,
generation-for-nlp-1680,정치와 법 |,정치와 법,,
generation-for-nlp-1682,사회탐구 | 생활과 윤리,사회탐구,생활과 윤리,
generation-for-nlp-1683,사회탐구 | 정치와 법,사회탐구,정치와 법,
generation-for-nlp-1684,사회탐구 | 생활과 윤리,사회탐구,생활과 윤리,
generation-for-nlp-1685,사회탐구 | 생활과 윤리,사회탐구,생활과 윤리,
generation-for-nlp-1686,사회탐구 | 생활과 윤리,사회탐구,생활과 윤리,
generation-for-nlp-1687,사회탐구 | 경제,사회탐구,경제,
generation-for-nlp-1688,사회탐구 | 경제,사회탐구,경제,
generation-for-nlp-1689,사회탐구 | 윤리와 사상,사회탐구,윤리와 사상,
generation-for-nlp-1691,사회탐구 | 생활과 윤리,사회탐구,생활과 윤리,
generation-for-nlp-1692,사회탐구 | 사회·문화,사회탐구,사회·문화,
generation-for-nlp-1693,사회탐구 | 생활과 윤리,사회탐구,생활과 윤리,
generation-for-nlp-1694,사회탐구 | 생활과 윤리,사회탐구,생활과 윤리,
generation-for-nlp-1695,사회탐구 | 생활과 윤리,사회탐구,생활과 윤리,
generation-for-nlp-1696,사회탐구 | 생활과 윤리,사회탐구,생활과 윤리,
generation-for-nlp-1697,사회탐구 | 생활과 윤리,사회탐구,생활과 윤리,
generation-for-nlp-1698,국어 | 독서,국어,독서,
generation-for-nlp-1700,사회탐구 | 경제,사회탐구,경제,
generation-for-nlp-1701,사회탐구 | 생활과 윤리,사회탐구,생활과 윤리,
generation-for-nlp-1702,사회탐구 | 생활과 윤리,사회탐구,생활과 윤리,
generation-for-nlp-1703,사회탐구 | 생활과 윤리,사회탐구,생활과 윤리,
generation-for-nlp-1704,사회탐구 | 정치와 법,사회탐구,정치와 법,
generation-for-nlp-1705,사회탐구 | 생활과 윤리,사회탐구,생활과 윤리,
generation-for-nlp-1706,사회탐구 | 경제,사회탐구,경제,
generation-for-nlp-1707,사회탐구 | 정치와 법,사회탐구,정치와 법,
generation-for-nlp-1708,사회탐구 | 경제,사회탐구,경제,
generation-for-nlp-1711,사회탐구 | 정치와 법,사회탐구,정치와 법,
generation-for-nlp-1712,사회탐구 | 생활과 윤리,사회탐구,생활과 윤리,
generation-for-nlp-1713,사회탐구 | 동아시아사,사회탐구,동아시아사,
generation-for-nlp-1714,사회탐구 | 경제,사회탐구,경제,
generation-for-nlp-1716,사회탐구 | 생활과 윤리,사회탐구,생활과 윤리,
generation-for-nlp-1717,사회탐구 | 동아시아사,사회탐구,동아시아사,
generation-for-nlp-1718,사회탐구 | 생활과 윤리,사회탐구,생활과 윤리,
generation-for-nlp-1720,사회탐구 | 정치와 법,사회탐구,정치와 법,
generation-for-nlp-1721,사회탐구 | 생활과 윤리,사회탐구,생활과 윤리,
generation-for-nlp-1722,사회탐구 | 정치와 법,사회탐구,정치와 법,
generation-for-nlp-1723,사회탐구 | 정치와 법,사회탐구,정치와 법,
generation-for-nlp-1724,사회탐구 | 생활과 윤리,사회탐구,생활과 윤리,
generation-for-nlp-1725,사회탐구 | 생활과 윤리,사회탐구,생활과 윤리,
generation-for-nlp-1726,사회탐구 | 경제,사회탐구,경제,
generation-for-nlp-1728,사회탐구 | 생활과 윤리,사회탐구,생활과 윤리,
generation-for-nlp-1729,정치와 법 | 정치와 법,정치와 법,정치와 법,
generation-for-nlp-1732,사회탐구 | 생활과 윤리,사회탐구,생활과 윤리,
generation-for-nlp-1733,사회탐구 | 동아시아사,사회탐구,동아시아사,
generation-for-nlp-1734,사회탐구 | 생활과 윤리,사회탐구,생활과 윤리,
generation-for-nlp-1735,사회탐구 | 생활과 윤리,사회탐구,생활과 윤리,
generation-for-nlp-1737,사회탐구 | 생활과 윤리,사회탐구,생활과 윤리,
generation-for-nlp-1741,사회탐구 | 생활과 윤리,사회탐구,생활과 윤리,
generation-for-nlp-1742,사회탐구 | 생활과 윤리,사회탐구,생활과 윤리,
generation-for-nlp-1743,사회탐구 | 경제,사회탐구,경제,
generation-for-nlp-1744,사회탐구 | 생활과 윤리,사회탐구,생활과 윤리,
generation-for-nlp-1745,사회탐구 | 사회·문화,사회탐구,사회·문화,
generation-for-nlp-1746,사회탐구 | 경제,사회탐구,경제,
generation-for-nlp-1747,사회탐구 | 생활과 윤리,사회탐구,생활과 윤리,
generation-for-nlp-1748,사회탐구 | 사회·문화,사회탐구,사회·문화,
generation-for-nlp-1749,사회탐구 | 생활과 윤리,사회탐구,생활과 윤리,
generation-for-nlp-1750,사회탐구 | 윤리와 사상,사회탐구,윤리와 사상,
generation-for-nlp-1751,사회탐구 | 경제,사회탐구,경제,
generation-for-nlp-1752,사회탐구 | 생활과 윤리,사회탐구,생활과 윤리,
generation-for-nlp-1753,사회탐구 | 생활과 윤리,사회탐구,생활과 윤리,
generation-for-nlp-1755,사회탐구 | 경제,사회탐구,경제,
generation-for-nlp-1758,사회탐구 | 경제,사회탐구,경제,
generation-for-nlp-1760,사회탐구 | 동아시아사,사회탐구,동아시아사,
generation-for-nlp-1762,사회탐구 | 생활과 윤리,사회탐구,생활과 윤리,
generation-for-nlp-1763,사회탐구 | 경제,사회탐구,경제,
generation-for-nlp-1765,사회·문화 | 사회·문화,사회·문화,사회·문화,
generation-for-nlp-1767,사회탐구 | 생활과 윤리,사회탐구,생활과 윤리,
generation-for-nlp-1768,사회탐구 | 사회·문화,사회탐구,사회·문화,
generation-for-nlp-1769,사회탐구 | 생활과 윤리,사회탐구,생활과 윤리,
generation-for-nlp-1770,사회탐구 | 정치와 법,사회탐구,정치와 법,
generation-for-nlp-1771,국어 | 화법과 작문,국어,화법과 작문,
generation-for-nlp-1772,사회탐구 | 경제,사회탐구,경제,
generation-for-nlp-1773,사회탐구 | 경제,사회탐구,경제,
generation-for-nlp-1774,사회탐구 | 정치와 법,사회탐구,정치와 법,
generation-for-nlp-1775,사회탐구 | 생활과 윤리,사회탐구,생활과 윤리,
generation-for-nlp-1776,정치와 법 |,정치와 법,,
generation-for-nlp-1777,사회탐구 | 경제,사회탐구,경제,
generation-for-nlp-1778,사회탐구 | 생활과 윤리,사회탐구,생활과 윤리,
generation-for-nlp-1779,사회탐구 | 동아시아사,사회탐구,동아시아사,
generation-for-nlp-1780,사회탐구 | 생활과 윤리,사회탐구,생활과 윤리,
generation-for-nlp-1782,사회탐구 | 정치와 법,사회탐구,정치와 법,
generation-for-nlp-1783,국어 | 독서,국어,독서,
generation-for-nlp-1785,사회탐구 | 정치와 법,사회탐구,정치와 법,
generation-for-nlp-1786,사회탐구 | 경제,사회탐구,경제,
generation-for-nlp-1787,사회탐구 | 경제,사회탐구,경제,
generation-for-nlp-1789,사회탐구 | 생활과 윤리,사회탐구,생활과 윤리,
generation-for-nlp-1790,사회탐구 | 정치와 법,사회탐구,정치와 법,
generation-for-nlp-1791,사회탐구 | 경제,사회탐구,경제,
generation-for-nlp-1793,사회탐구 | 생활과 윤리,사회탐구,생활과 윤리,
generation-for-nlp-1794,사회탐구 | 경제,사회탐구,경제,
generation-for-nlp-1796,사회탐구 | 경제,사회탐구,경제,
generation-for-nlp-1798,사회탐구 | 생활과 윤리,사회탐구,생활과 윤리,
generation-for-nlp-1799,사회탐구 | 생활과 윤리,사회탐구,생활과 윤리,
generation-for-nlp-1801,사회탐구 | 생활과 윤리,사회탐구,생활과 윤리,
generation-for-nlp-1802,사회탐구 | 정치와 법,사회탐구,정치와 법,
generation-for-nlp-1805,사회탐구 | 정치와 법,사회탐구,정치와 법,
generation-for-nlp-1806,사회탐구 | 생활과 윤리,사회탐구,생활과 윤리,
generation-for-nlp-1807,사회탐구 | 정치와 법,사회탐구,정치와 법,
generation-for-nlp-1808,사회탐구 | 동아시아사,사회탐구,동아시아사,
generation-for-nlp-1809,사회탐구 | 경제,사회탐구,경제,
generation-for-nlp-1811,국어 | 문학,국어,문학,
generation-for-nlp-1812,사회탐구 | 생활과 윤리,사회탐구,생활과 윤리,
generation-for-nlp-1815,사회탐구 | 경제,사회탐구,경제,
generation-for-nlp-1816,사회탐구 | 정치와 법,사회탐구,정치와 법,
generation-for-nlp-1817,사회탐구 | 생활과 윤리,사회탐구,생활과 윤리,
generation-for-nlp-1818,국어 | 문학,국어,문학,
generation-for-nlp-1819,사회탐구 | 생활과 윤리,사회탐구,생활과 윤리,
generation-for-nlp-1820,사회탐구 | 정치와 법,사회탐구,정치와 법,
generation-for-nlp-1821,사회탐구 | 경제,사회탐구,경제,
generation-for-nlp-1822,사회탐구 | 정치와 법,사회탐구,정치와 법,
generation-for-nlp-1823,사회탐구 | 생활과 윤리,사회탐구,생활과 윤리,
generation-for-nlp-1824,사회탐구 | 생활과 윤리,사회탐구,생활과 윤리,
generation-for-nlp-1825,사회탐구 | 정치와 법,사회탐구,정치와 법,
generation-for-nlp-1826,사회탐구 | 생활과 윤리,사회탐구,생활과 윤리,
generation-for-nlp-1827,사회탐구 | 정치와 법,사회탐구,정치와 법,
generation-for-nlp-1828,사회탐구 | 생활과 윤리,사회탐구,생활과 윤리,
generation-for-nlp-1830,사회탐구 | 경제,사회탐구,경제,
generation-for-nlp-1831,사회탐구 | 경제,사회탐구,경제,
generation-for-nlp-1832,사회탐구 | 경제,사회탐구,경제,
generation-for-nlp-1833,사회탐구 | 생활과 윤리,사회탐구,생활과 윤리,
generation-for-nlp-1834,사회탐구 | 경제,사회탐구,경제,
generation-for-nlp-1835,사회탐구 | 경제,사회탐구,경제,
generation-for-nlp-1836,사회탐구 | 경제,사회탐구,경제,
generation-for-nlp-1837,사회탐구 | 윤리와 사상,사회탐구,윤리와 사상,
generation-for-nlp-1838,사회탐구 | 경제,사회탐구,경제,
generation-for-nlp-1839,사회탐구 | 생활과 윤리,사회탐구,생활과 윤리,
generation-for-nlp-1841,사회탐구 | 경제,사회탐구,경제,
generation-for-nlp-1842,사회탐구 | 경제,사회탐구,경제,
generation-for-nlp-1843,사회탐구 | 생활과 윤리,사회탐구,생활과 윤리,
generation-for-nlp-1844,사회탐구 | 동아시아사,사회탐구,동아시아사,
generation-for-nlp-1845,사회탐구 | 경제,사회탐구,경제,
generation-for-nlp-1847,사회탐구 | 생활과 윤리,사회탐구,생활과 윤리,
generation-for-nlp-1848,사회탐구 | 경제,사회탐구,경제,
generation-for-nlp-1849,사회탐구 | 생활과 윤리,사회탐구,생활과 윤리,
generation-for-nlp-1850,사회탐구 | 정치와 법,사회탐구,정치와 법,
generation-for-nlp-1852,사회탐구 | 생활과 윤리,사회탐구,생활과 윤리,
generation-for-nlp-1853,사회탐구 | 경제,사회탐구,경제,
generation-for-nlp-1854,사회탐구 | 경제,사회탐구,경제,
generation-for-nlp-1856,사회탐구 | 생활과 윤리,사회탐구,생활과 윤리,
generation-for-nlp-1857,사회탐구 | 생활과 윤리,사회탐구,생활과 윤리,
generation-for-nlp-1858,국어 | 독서,국어,독서,
generation-for-nlp-1860,사회탐구 | 경제,사회탐구,경제,
generation-for-nlp-1861,사회탐구 | 정치와 법,사회탐구,정치와 법,
generation-for-nlp-1864,사회탐구 | 생활과 윤리,사회탐구,생활과 윤리,
generation-for-nlp-1865,사회탐구 | 동아시아사,사회탐구,동아시아사,
generation-for-nlp-1867,사회탐구 | 정치와 법,사회탐구,정치와 법,
generation-for-nlp-1868,사회탐구 | 경제,사회탐구,경제,
generation-for-nlp-1869,사회탐구 | 정치와 법,사회탐구,정치와 법,
generation-for-nlp-1870,사회탐구 | 정치와 법,사회탐구,정치와 법,
generation-for-nlp-1871,사회탐구 | 경제,사회탐구,경제,
generation-for-nlp-1872,사회탐구 | 경제,사회탐구,경제,
generation-for-nlp-1873,사회탐구 | 생활과 윤리,사회탐구,생활과 윤리,
generation-for-nlp-1874,사회탐구 | 생활과 윤리,사회탐구,생활과 윤리,
generation-for-nlp-1875,사회탐구 | 생활과 윤리,사회탐구,생활과 윤리,
generation-for-nlp-1876,국어 | 독서,국어,독서,
generation-for-nlp-1877,사회탐구 | 정치와 법,사회탐구,정치와 법,
generation-for-nlp-1878,사회탐구 | 사회·문화,사회탐구,사회·문화,
generation-for-nlp-1879,사회탐구 | 생활과 윤리,사회탐구,생활과 윤리,
generation-for-nlp-1880,사회탐구 | 정치와 법,사회탐구,정치와 법,
generation-for-nlp-1882,사회탐구 | 생활과 윤리,사회탐구,생활과 윤리,
generation-for-nlp-1883,사회탐구 | 생활과 윤리,사회탐구,생활과 윤리,
generation-for-nlp-1884,사회탐구 | 생활과 윤리,사회탐구,생활과 윤리,
generation-for-nlp-1885,사회탐구 | 경제,사회탐구,경제,
generation-for-nlp-1886,사회탐구 | 경제,사회탐구,경제,
generation-for-nlp-1887,사회탐구 | 경제,사회탐구,경제,
generation-for-nlp-1888,사회탐구 | 경제,사회탐구,경제,
generation-for-nlp-1889,사회탐구 | 생활과 윤리,사회탐구,생활과 윤리,
generation-for-nlp-1890,국어 | 독서,국어,독서,
generation-for-nlp-1891,사회탐구 | 생활과 윤리,사회탐구,생활과 윤리,
generation-for-nlp-1892,사회탐구 | 경제,사회탐구,경제,
generation-for-nlp-1893,사회탐구 | 윤리와 사상,사회탐구,윤리와 사상,
generation-for-nlp-1894,사회탐구 | 경제,사회탐구,경제,
generation-for-nlp-1895,사회탐구 | 생활과 윤리,사회탐구,생활과 윤리,
generation-for-nlp-1896,사회탐구 | 정치와 법,사회탐구,정치와 법,
generation-for-nlp-1897,사회탐구 | 생활과 윤리,사회탐구,생활과 윤리,
generation-for-nlp-1898,사회탐구 | 정치와 법,사회탐구,정치와 법,
generation-for-nlp-1899,사회탐구 | 경제,사회탐구,경제,
generation-for-nlp-1900,사회탐구 | 정치와 법,사회탐구,정치와 법,
generation-for-nlp-1902,사회탐구 | 생활과 윤리,사회탐구,생활과 윤리,
generation-for-nlp-1906,사회탐구 | 생활과 윤리,사회탐구,생활과 윤리,
generation-for-nlp-1907,사회탐구 | 생활과 윤리,사회탐구,생활과 윤리,
generation-for-nlp-1908,사회탐구 | 정치와 법,사회탐구,정치와 법,
generation-for-nlp-1909,사회탐구 | 경제,사회탐구,경제,
generation-for-nlp-1910,사회탐구 | 생활과 윤리,사회탐구,생활과 윤리,
generation-for-nlp-1911,국어 | 문학,국어,문학,
generation-for-nlp-1912,사회탐구 | 경제,사회탐구,경제,
generation-for-nlp-1913,사회탐구 | 경제,사회탐구,경제,
generation-for-nlp-1914,사회탐구 | 생활과 윤리,사회탐구,생활과 윤리,
generation-for-nlp-1915,사회탐구 | 동아시아사,사회탐구,동아시아사,
generation-for-nlp-1917,사회탐구 | 동아시아사,사회탐구,동아시아사,
generation-for-nlp-1918,사회탐구 | 경제,사회탐구,경제,
generation-for-nlp-1919,사회탐구 | 생활과 윤리,사회탐구,생활과 윤리,
generation-for-nlp-1920,사회탐구 | 동아시아사,사회탐구,동아시아사,
generation-for-nlp-1923,사회탐구 | 정치와 법,사회탐구,정치와 법,
generation-for-nlp-1925,사회탐구 | 경제,사회탐구,경제,
generation-for-nlp-1926,사회탐구 | 생활과 윤리,사회탐구,생활과 윤리,
generation-for-nlp-1928,사회탐구 | 경제,사회탐구,경제,
generation-for-nlp-1929,사회탐구 | 경제,사회탐구,경제,
generation-for-nlp-1930,사회탐구 | 경제,사회탐구,경제,
generation-for-nlp-1931,사회탐구 | 동아시아사,사회탐구,동아시아사,
generation-for-nlp-1933,정치와 법 |,정치와 법,,
generation-for-nlp-1934,사회탐구 | 생활과 윤리,사회탐구,생활과 윤리,
generation-for-nlp-1935,국어 | 문학,국어,문학,
generation-for-nlp-1937,사회탐구 | 정치와 법,사회탐구,정치와 법,
generation-for-nlp-1938,사회탐구 | 생활과 윤리,사회탐구,생활과 윤리,
generation-for-nlp-1939,사회탐구 | 생활과 윤리,사회탐구,생활과 윤리,
generation-for-nlp-1940,사회탐구 | 사회·문화,사회탐구,사회·문화,
generation-for-nlp-1941,사회탐구 | 경제,사회탐구,경제,
generation-for-nlp-1942,사회탐구 | 사회·문화,사회탐구,사회·문화,
generation-for-nlp-1943,사회탐구 | 경제,사회탐구,경제,
generation-for-nlp-1944,사회탐구 | 정치와 법,사회탐구,정치와 법,
generation-for-nlp-1946,사회탐구 | 경제,사회탐구,경제,
generation-for-nlp-1947,국어 | 화법과 작문,국어,화법과 작문,
generation-for-nlp-1948,사회탐구 | 정치와 법,사회탐구,정치와 법,
generation-for-nlp-1949,사회탐구 | 경제,사회탐구,경제,
generation-for-nlp-1951,사회탐구 | 경제,사회탐구,경제,
generation-for-nlp-1952,사회탐구 | 생활과 윤리,사회탐구,생활과 윤리,
generation-for-nlp-1953,사회탐구 | 생활과 윤리,사회탐구,생활과 윤리,
generation-for-nlp-1954,국어 | 독서,국어,독서,
generation-for-nlp-1955,사회탐구 | 생활과 윤리,사회탐구,생활과 윤리,
generation-for-nlp-1956,사회탐구 | 경제,사회탐구,경제,
generation-for-nlp-1957,사회탐구 | 생활과 윤리,사회탐구,생활과 윤리,
generation-for-nlp-1958,사회탐구 | 경제,사회탐구,경제,
generation-for-nlp-1959,국어 | 독서,국어,독서,
generation-for-nlp-1960,사회탐구 | 정치와 법,사회탐구,정치와 법,
generation-for-nlp-1961,사회탐구 | 경제,사회탐구,경제,
generation-for-nlp-1962,사회탐구 | 생활과 윤리,사회탐구,생활과 윤리,
generation-for-nlp-1964,사회탐구 | 윤리와 사상,사회탐구,윤리와 사상,
generation-for-nlp-1966,사회탐구 | 정치와 법,사회탐구,정치와 법,
generation-for-nlp-1967,사회탐구 | 생활과 윤리,사회탐구,생활과 윤리,
generation-for-nlp-1968,사회탐구 | 정치와 법,사회탐구,정치와 법,
generation-for-nlp-1969,사회탐구 | 생활과 윤리,사회탐구,생활과 윤리,
generation-for-nlp-1973,정치와 법 | 정치와 법,정치와 법,정치와 법,
generation-for-nlp-1975,사회탐구 | 생활과 윤리,사회탐구,생활과 윤리,
generation-for-nlp-1976,사회탐구 | 생활과 윤리,사회탐구,생활과 윤리,
generation-for-nlp-1977,사회탐구 | 정치와 법,사회탐구,정치와 법,
generation-for-nlp-1978,국어 | 문학,국어,문학,
generation-for-nlp-1979,사회탐구 | 정치와 법,사회탐구,정치와 법,
generation-for-nlp-1981,사회탐구 | 생활과 윤리,사회탐구,생활과 윤리,
generation-for-nlp-1982,사회탐구 | 생활과 윤리,사회탐구,생활과 윤리,
generation-for-nlp-1984,사회탐구 | 생활과 윤리,사회탐구,생활과 윤리,
generation-for-nlp-1985,사회탐구 | 정치와 법,사회탐구,정치와 법,
generation-for-nlp-1986,정치와 법 | 정치 개입,정치와 법,정치 개입,
generation-for-nlp-1987,사회탐구 | 생활과 윤리,사회탐구,생활과 윤리,
generation-for-nlp-1989,사회탐구 | 생활과 윤리,사회탐구,생활과 윤리,
generation-for-nlp-1990,사회탐구 | 생활과 윤리,사회탐구,생활과 윤리,
generation-for-nlp-1991,사회탐구 | 생활과 윤리,사회탐구,생활과 윤리,
generation-for-nlp-1992,사회탐구 | 경제,사회탐구,경제,
generation-for-nlp-1993,사회탐구 | 생활과 윤리,사회탐구,생활과 윤리,
generation-for-nlp-1994,사회탐구 | 생활과 윤리,사회탐구,생활과 윤리,
generation-for-nlp-1995,사회탐구 | 생활과 윤리,사회탐구,생활과 윤리,
generation-for-nlp-1996,사회탐구 | 경제,사회탐구,경제,
generation-for-nlp-1998,사회탐구 | 생활과 윤리,사회탐구,생활과 윤리,
generation-for-nlp-1999,사회탐구 | 윤리와 사상,사회탐구,윤리와 사상,
generation-for-nlp-2000,사회탐구 | 정치와 법,사회탐구,정치와 법,
generation-for-nlp-2001,사회탐구 | 정치와 법,사회탐구,정치와 법,
generation-for-nlp-2002,사회탐구 | 경제,사회탐구,경제,
generation-for-nlp-2003,사회탐구 | 경제,사회탐구,경제,
generation-for-nlp-2004,사회탐구 | 경제,사회탐구,경제,
generation-for-nlp-2005,사회탐구 | 정치와 법,사회탐구,정치와 법,
generation-for-nlp-2006,정치와 법 |,정치와 법,,
generation-for-nlp-2007,사회탐구 | 경제,사회탐구,경제,
generation-for-nlp-2008,사회탐구 | 윤리와 사상,사회탐구,윤리와 사상,
generation-for-nlp-2009,사회탐구 | 경제,사회탐구,경제,
generation-for-nlp-2010,사회탐구 | 정치와 법,사회탐구,정치와 법,
generation-for-nlp-2011,국어 | 독서,국어,독서,
generation-for-nlp-2012,사회탐구 | 경제,사회탐구,경제,
generation-for-nlp-2013,국어 | 화법과 작문,국어,화법과 작문,
generation-for-nlp-2014,사회탐구 | 생활과 윤리,사회탐구,생활과 윤리,
generation-for-nlp-2015,사회탐구 | 경제,사회탐구,경제,
generation-for-nlp-2016,사회탐구 | 생활과 윤리,사회탐구,생활과 윤리,
generation-for-nlp-2018,사회탐구 | 생활과 윤리,사회탐구,생활과 윤리,
generation-for-nlp-2019,사회탐구 | 경제,사회탐구,경제,
generation-for-nlp-2020,사회탐구 | 생활과 윤리,사회탐구,생활과 윤리,
generation-for-nlp-2021,사회탐구 | 생활과 윤리,사회탐구,생활과 윤리,
generation-for-nlp-2023,사회탐구 | 생활과 윤리,사회탐구,생활과 윤리,
generation-for-nlp-2024,사회탐구 | 생활과 윤리,사회탐구,생활과 윤리,
generation-for-nlp-2025,사회탐구 | 생활과 윤리,사회탐구,생활과 윤리,
generation-for-nlp-2026,정치와 법 |,정치와 법,,
generation-for-nlp-2027,사회탐구 | 생활과 윤리,사회탐구,생활과 윤리,
generation-for-nlp-2029,사회탐구 | 생활과 윤리,사회탐구,생활과 윤리,
generation-for-nlp-2030,사회탐구 | 생활과 윤리,사회탐구,생활과 윤리,
generation-for-nlp-2031,사회탐구 | 생활과 윤리,사회탐구,생활과 윤리,
generation-for-nlp-2032,사회탐구 | 생활과 윤리,사회탐구,생활과 윤리,
generation-for-nlp-2033,사회탐구 | 동아시아사,사회탐구,동아시아사,
generation-for-nlp-2034,사회탐구 | 경제,사회탐구,경제,
generation-for-nlp-2035,사회탐구 | 생활과 윤리,사회탐구,생활과 윤리,
generation-for-nlp-2036,사회탐구 | 생활과 윤리,사회탐구,생활과 윤리,
generation-for-nlp-2038,사회탐구 | 경제,사회탐구,경제,
generation-for-nlp-2039,사회탐구 | 생활과 윤리,사회탐구,생활과 윤리,
generation-for-nlp-2040,국어 | 독서,국어,독서,
generation-for-nlp-2041,사회탐구 | 경제,사회탐구,경제,
generation-for-nlp-2042,사회탐구 | 경제,사회탐구,경제,
generation-for-nlp-2044,사회탐구 | 정치와 법,사회탐구,정치와 법,
generation-for-nlp-2045,사회탐구 | 생활과 윤리,사회탐구,생활과 윤리,
generation-for-nlp-2047,사회탐구 | 사회·문화,사회탐구,사회·문화,
generation-for-nlp-2048,국어 | 독서,국어,독서,
generation-for-nlp-2049,사회탐구 | 경제,사회탐구,경제,
generation-for-nlp-2050,사회탐구 | 생활과 윤리,사회탐구,생활과 윤리,
generation-for-nlp-2051,사회탐구 | 생활과 윤리,사회탐구,생활과 윤리,
generation-for-nlp-2052,사회탐구 | 경제,사회탐구,경제,
generation-for-nlp-2053,사회탐구 | 경제,사회탐구,경제,
generation-for-nlp-2055,사회탐구 | 동아시아사,사회탐구,동아시아사,
generation-for-nlp-2056,사회탐구 | 생활과 윤리,사회탐구,생활과 윤리,
generation-for-nlp-2058,사회탐구 | 세계사,사회탐구,세계사,
generation-for-nlp-2060,사회탐구 | 생활과 윤리,사회탐구,생활과 윤리,
generation-for-nlp-2061,사회탐구 | 경제,사회탐구,경제,
generation-for-nlp-2062,사회탐구 | 생활과 윤리,사회탐구,생활과 윤리,
generation-for-nlp-2063,사회탐구 | 생활과 윤리,사회탐구,생활과 윤리,
generation-for-nlp-2065,사회탐구 | 정치와 법,사회탐구,정치와 법,
generation-for-nlp-2066,사회탐구 | 생활과 윤리,사회탐구,생활과 윤리,
generation-for-nlp-2067,사회탐구 | 경제,사회탐구,경제,
generation-for-nlp-2070,국어 | 독서,국어,독서,
generation-for-nlp-2071,사회탐구 | 경제,사회탐구,경제,
generation-for-nlp-2072,사회탐구 | 경제,사회탐구,경제,
generation-for-nlp-2073,사회탐구 | 경제,사회탐구,경제,
generation-for-nlp-2075,국어 | 독서,국어,독서,
generation-for-nlp-2076,사회탐구 | 경제,사회탐구,경제,
generation-for-nlp-2077,사회탐구 | 생활과 윤리,사회탐구,생활과 윤리,
generation-for-nlp-2078,사회탐구 | 윤리와 사상,사회탐구,윤리와 사상,
generation-for-nlp-2079,사회탐구 | 정치와 법,사회탐구,정치와 법,
generation-for-nlp-2082,사회탐구 | 생활과 윤리,사회탐구,생활과 윤리,
generation-for-nlp-2084,사회탐구 | 경제,사회탐구,경제,
generation-for-nlp-2085,사회탐구 | 동아시아사,사회탐구,동아시아사,
generation-for-nlp-2086,사회탐구 | 생활과 윤리,사회탐구,생활과 윤리,
generation-for-nlp-2087,국어 | 독서,국어,독서,
generation-for-nlp-2088,사회탐구 | 생활과 윤리,사회탐구,생활과 윤리,
generation-for-nlp-2089,사회탐구 | 세계사,사회탐구,세계사,
generation-for-nlp-2090,사회탐구 | 경제,사회탐구,경제,
generation-for-nlp-2092,사회탐구 | 윤리와 사상,사회탐구,윤리와 사상,
generation-for-nlp-2093,사회탐구 | 생활과 윤리,사회탐구,생활과 윤리,
generation-for-nlp-2094,사회탐구 | 생활과 윤리,사회탐구,생활과 윤리,
generation-for-nlp-2095,사회탐구 | 경제,사회탐구,경제,
generation-for-nlp-2097,사회탐구 | 경제,사회탐구,경제,
generation-for-nlp-2098,사회탐구 | 생활과 윤리,사회탐구,생활과 윤리,
generation-for-nlp-2099,사회탐구 | 생활과 윤리,사회탐구,생활과 윤리,
generation-for-nlp-2100,사회탐구 | 사회·문화,사회탐구,사회·문화,
generation-for-nlp-2101,사회탐구 | 경제,사회탐구,경제,
generation-for-nlp-2102,사회탐구 | 경제,사회탐구,경제,
generation-for-nlp-2103,사회탐구 | 경제,사회탐구,경제,
generation-for-nlp-2104,정치와 법 | 정치와 법,정치와 법,정치와 법,
generation-for-nlp-2105,사회탐구 | 경제,사회탐구,경제,
generation-for-nlp-2106,사회탐구 | 경제,사회탐구,경제,
generation-for-nlp-2107,사회탐구 | 생활과 윤리,사회탐구,생활과 윤리,
generation-for-nlp-2108,사회탐구 | 경제,사회탐구,경제,
generation-for-nlp-2109,사회탐구 | 정치와 법,사회탐구,정치와 법,
generation-for-nlp-2110,사회탐구 | 정치와 법,사회탐구,정치와 법,
generation-for-nlp-2111,사회탐구 | 생활과 윤리,사회탐구,생활과 윤리,
generation-for-nlp-2112,사회탐구 | 경제,사회탐구,경제,
generation-for-nlp-2113,사회탐구 | 생활과 윤리,사회탐구,생활과 윤리,
generation-for-nlp-2114,사회탐구 | 동아시아사,사회탐구,동아시아사,
generation-for-nlp-2115,국어 | 독서,국어,독서,
generation-for-nlp-2116,사회탐구 | 정치와 법,사회탐구,정치와 법,
generation-for-nlp-2117,사회탐구 | 생활과 윤리,사회탐구,생활과 윤리,
generation-for-nlp-2118,사회탐구 | 생활과 윤리,사회탐구,생활과 윤리,
generation-for-nlp-2121,사회탐구 | 생활과 윤리,사회탐구,생활과 윤리,
generation-for-nlp-2122,국어 | 문학,국어,문학,
generation-for-nlp-2123,사회탐구 | 경제,사회탐구,경제,
generation-for-nlp-2125,사회탐구 | 생활과 윤리,사회탐구,생활과 윤리,
generation-for-nlp-2126,사회탐구 | 생활과 윤리,사회탐구,생활과 윤리,
generation-for-nlp-2127,정치와 법 |,정치와 법,,
generation-for-nlp-2128,사회탐구 | 경제,사회탐구,경제,
generation-for-nlp-2129,사회탐구 | 생활과 윤리,사회탐구,생활과 윤리,
generation-for-nlp-2130,사회탐구 | 경제,사회탐구,경제,
generation-for-nlp-2131,사회탐구 | 경제,사회탐구,경제,
generation-for-nlp-2132,사회탐구 | 동아시아사,사회탐구,동아시아사,
generation-for-nlp-2133,사회탐구 | 세계사,사회탐구,세계사,
generation-for-nlp-2134,사회탐구 | 생활과 윤리,사회탐구,생활과 윤리,
generation-for-nlp-2135,사회탐구 | 정치와 법,사회탐구,정치와 법,
generation-for-nlp-2136,국어 | 독서,국어,독서,
generation-for-nlp-2137,사회탐구 | 경제,사회탐구,경제,
generation-for-nlp-2138,사회탐구 | 생활과 윤리,사회탐구,생활과 윤리,
generation-for-nlp-2139,사회탐구 | 생활과 윤리,사회탐구,생활과 윤리,
generation-for-nlp-2140,사회탐구 | 정치와 법,사회탐구,정치와 법,
generation-for-nlp-2141,사회탐구 | 경제,사회탐구,경제,
generation-for-nlp-2142,국어 | 독서,국어,독서,
generation-for-nlp-2143,사회탐구 | 생활과 윤리,사회탐구,생활과 윤리,
generation-for-nlp-2144,사회탐구 | 생활과 윤리,사회탐구,생활과 윤리,
generation-for-nlp-2146,사회탐구,,,
generation-for-nlp-2147,사회탐구 | 경제,사회탐구,경제,
generation-for-nlp-2148,사회탐구 | 자살률을 낮추기 위해,사회탐구,자살률을 낮추기 위해,
generation-for-nlp-2149,사회탐구 | 정치와 법,사회탐구,정치와 법,
generation-for-nlp-2150,사회탐구 | 생활과 윤리,사회탐구,생활과 윤리,
generation-for-nlp-2152,사회탐구 | 생활과 윤리,사회탐구,생활과 윤리,
generation-for-nlp-2153,사회탐구 | 경제,사회탐구,경제,
generation-for-nlp-2154,사회탐구 | 경제,사회탐구,경제,
generation-for-nlp-2155,사회탐구 | 생활과 윤리,사회탐구,생활과 윤리,
generation-for-nlp-2157,사회탐구 | 경제,사회탐구,경제,
generation-for-nlp-2159,사회탐구 | 생활과 윤리,사회탐구,생활과 윤리,
generation-for-nlp-2161,사회탐구 | 경제,사회탐구,경제,
generation-for-nlp-2162,국어 | 독서,국어,독서,
generation-for-nlp-2163,국어 | 독서,국어,독서,
generation-for-nlp-2164,사회탐구 | 세계사,사회탐구,세계사,
generation-for-nlp-2165,국어 | 독서,국어,독서,
generation-for-nlp-2166,사회탐구 | 생활과 윤리,사회탐구,생활과 윤리,
generation-for-nlp-2167,사회탐구 | 경제,사회탐구,경제,
generation-for-nlp-2168,사회탐구 | 경제,사회탐구,경제,
generation-for-nlp-2169,사회탐구 | 경제,사회탐구,경제,
generation-for-nlp-2170,사회탐구 | 정치와 법,사회탐구,정치와 법,
generation-for-nlp-2171,사회탐구 | 경제,사회탐구,경제,
generation-for-nlp-2172,사회탐구 | 생활과 윤리,사회탐구,생활과 윤리,
generation-for-nlp-2173,사회탐구 | 경제,사회탐구,경제,
generation-for-nlp-2174,사회탐구 | 경제,사회탐구,경제,
generation-for-nlp-2176,사회탐구 | 경제,사회탐구,경제,
generation-for-nlp-2177,사회탐구 | 경제,사회탐구,경제,
generation-for-nlp-2178,사회탐구 | 경제,사회탐구,경제,
generation-for-nlp-2179,국어 | 문학,국어,문학,
generation-for-nlp-2180,사회탐구 | 정치와 법,사회탐구,정치와 법,
generation-for-nlp-2182,사회탐구 | 경제,사회탐구,경제,
generation-for-nlp-2183,사회탐구 | 경제,사회탐구,경제,
generation-for-nlp-2184,사회탐구 | 정치와 법,사회탐구,정치와 법,
generation-for-nlp-2185,사회탐구 | 경제,사회탐구,경제,
generation-for-nlp-2186,사회탐구 | 경제,사회탐구,경제,
generation-for-nlp-2187,사회탐구 | 생활과 윤리,사회탐구,생활과 윤리,
generation-for-nlp-2188,정치와 법 |,정치와 법,,
generation-for-nlp-2189,사회탐구 | 경제,사회탐구,경제,
generation-for-nlp-2190,사회탐구 | 경제,사회탐구,경제,
generation-for-nlp-2191,사회탐구 | 정치와 법,사회탐구,정치와 법,
generation-for-nlp-2192,정치와 법 | 정치와 법,정치와 법,정치와 법,
generation-for-nlp-2194,사회탐구 | 생활과 윤리,사회탐구,생활과 윤리,
generation-for-nlp-2196,사회탐구 | 사회·문화,사회탐구,사회·문화,
generation-for-nlp-2197,사회탐구 | 생활과 윤리,사회탐구,생활과 윤리,
generation-for-nlp-2198,사회탐구 | 정치와 법,사회탐구,정치와 법,
generation-for-nlp-2199,사회탐구 | 경제,사회탐구,경제,
generation-for-nlp-2200,사회탐구 | 경제,사회탐구,경제,
generation-for-nlp-2201,사회탐구 | 경제,사회탐구,경제,
generation-for-nlp-2202,사회탐구 | 생활과 윤리,사회탐구,생활과 윤리,
generation-for-nlp-2203,사회탐구 | 생활과 윤리,사회탐구,생활과 윤리,
generation-for-nlp-2205,사회탐구 | 경제,사회탐구,경제,
generation-for-nlp-2206,사회탐구 | 정치와 법,사회탐구,정치와 법,
generation-for-nlp-2207,사회탐구 | 생활과 윤리,사회탐구,생활과 윤리,
generation-for-nlp-2209,정치와 법 |,정치와 법,,
generation-for-nlp-2210,사회탐구 | 경제,사회탐구,경제,
generation-for-nlp-2211,사회탐구 | 생활과 윤리,사회탐구,생활과 윤리,
generation-for-nlp-2213,사회탐구 | 경제,사회탐구,경제,
generation-for-nlp-2215,사회탐구 | 정치와 법,사회탐구,정치와 법,
generation-for-nlp-2216,국어 | 독서,국어,독서,
generation-for-nlp-2217,사회탐구 | 경제,사회탐구,경제,
generation-for-nlp-2218,사회탐구 | 경제,사회탐구,경제,
generation-for-nlp-2219,사회탐구 | 생활과 윤리,사회탐구,생활과 윤리,
generation-for-nlp-2220,사회탐구 | 경제,사회탐구,경제,
generation-for-nlp-2222,사회탐구 | 사회·문화,사회탐구,사회·문화,
generation-for-nlp-2223,사회탐구 | 정치와 법,사회탐구,정치와 법,
generation-for-nlp-2224,사회탐구 | 정치와 법,사회탐구,정치와 법,
generation-for-nlp-2225,사회탐구 | 생활과 윤리,사회탐구,생활과 윤리,
generation-for-nlp-2226,사회탐구 | 정치와 법,사회탐구,정치와 법,
generation-for-nlp-2227,사회탐구 | 경제,사회탐구,경제,
generation-for-nlp-2229,사회탐구 | 윤리와 사상,사회탐구,윤리와 사상,
generation-for-nlp-2232,사회탐구 | 경제,사회탐구,경제,
generation-for-nlp-2233,사회탐구 | 생활과 윤리,사회탐구,생활과 윤리,
generation-for-nlp-2234,국어 | 독서,국어,독서,
generation-for-nlp-2235,사회탐구 | 경제,사회탐구,경제,
generation-for-nlp-2236,사회탐구 | 경제,사회탐구,경제,
generation-for-nlp-2237,사회탐구 | 생활과 윤리,사회탐구,생활과 윤리,
generation-for-nlp-2239,사회탐구 | 동아시아사,사회탐구,동아시아사,
generation-for-nlp-2240,사회탐구 | 생활과 윤리,사회탐구,생활과 윤리,
generation-for-nlp-2242,사회탐구 | 경제,사회탐구,경제,
generation-for-nlp-2243,사회탐구 | 동아시아사,사회탐구,동아시아사,
generation-for-nlp-2244,사회탐구 | 생활과 윤리,사회탐구,생활과 윤리,
generation-for-nlp-2245,사회탐구 | 생활과 윤리,사회탐구,생활과 윤리,
generation-for-nlp-2246,사회탐구 | 생활과 윤리,사회탐구,생활과 윤리,
generation-for-nlp-2247,사회탐구 | 경제,사회탐구,경제,
generation-for-nlp-2248,사회탐구 | 정치와 법,사회탐구,정치와 법,
generation-for-nlp-2249,사회탐구 | 경제,사회탐구,경제,
generation-for-nlp-2250,사회탐구 | 생활과 윤리,사회탐구,생활과 윤리,
generation-for-nlp-2251,국어 | 독서,국어,독서,
generation-for-nlp-2252,사회탐구 | 경제,사회탐구,경제,
generation-for-nlp-2254,사회탐구 | 동아시아사,사회탐구,동아시아사,
generation-for-nlp-2258,국어 | 화법과 작문,국어,화법과 작문,
generation-for-nlp-2259,사회탐구 | 정치와 법,사회탐구,정치와 법,
generation-for-nlp-2260,정치와 법 |,정치와 법,,
generation-for-nlp-2261,사회탐구 | 경제,사회탐구,경제,
generation-for-nlp-2262,사회탐구 | 정치와 법,사회탐구,정치와 법,
generation-for-nlp-2263,사회탐구 | 경제,사회탐구,경제,
generation-for-nlp-2264,사회탐구 | 경제,사회탐구,경제,
generation-for-nlp-2267,사회탐구 | 정치와 법,사회탐구,정치와 법,
generation-for-nlp-2268,사회탐구 | 생활과 윤리,사회탐구,생활과 윤리,
generation-for-nlp-2269,사회탐구 | 경제,사회탐구,경제,
generation-for-nlp-2270,사회탐구 | 경제,사회탐구,경제,
generation-for-nlp-2272,사회탐구 | 정치와 법,사회탐구,정치와 법,
generation-for-nlp-2275,사회탐구 | 경제,사회탐구,경제,
generation-for-nlp-2277,사회탐구 | 생활과 윤리,사회탐구,생활과 윤리,
generation-for-nlp-2278,사회탐구 | 정치와 법,사회탐구,정치와 법,
generation-for-nlp-2279,사회탐구 | 생활과 윤리,사회탐구,생활과 윤리,
generation-for-nlp-2280,사회탐구 | 경제,사회탐구,경제,
generation-for-nlp-2281,사회탐구 | 생활과 윤리,사회탐구,생활과 윤리,
generation-for-nlp-2283,사회탐구 | 동아시아사,사회탐구,동아시아사,
generation-for-nlp-2284,사회탐구 | 생활과 윤리,사회탐구,생활과 윤리,
generation-for-nlp-2286,사회탐구 | 생활과 윤리,사회탐구,생활과 윤리,
generation-for-nlp-2287,사회탐구 | 경제,사회탐구,경제,
generation-for-nlp-2288,사회탐구 | 경제,사회탐구,경제,
generation-for-nlp-2289,사회탐구 | 생활과 윤리,사회탐구,생활과 윤리,
generation-for-nlp-2290,사회탐구 | 정치와 법,사회탐구,정치와 법,
generation-for-nlp-2291,사회탐구 | 생활과 윤리,사회탐구,생활과 윤리,
generation-for-nlp-2292,사회탐구 | 정치와 법,사회탐구,정치와 법,
generation-for-nlp-2293,사회탐구 | 생활과 윤리,사회탐구,생활과 윤리,
generation-for-nlp-2294,정치와 법 | 정치와 법,정치와 법,정치와 법,
generation-for-nlp-2295,사회탐구 | 윤리와 사상,사회탐구,윤리와 사상,
generation-for-nlp-2296,사회탐구 | 경제,사회탐구,경제,
generation-for-nlp-2297,사회탐구 | 생활과 윤리,사회탐구,생활과 윤리,
generation-for-nlp-2298,사회탐구 | 생활과 윤리,사회탐구,생활과 윤리,
generation-for-nlp-2299,사회탐구 | 경제,사회탐구,경제,
generation-for-nlp-2300,국어 | 독서,국어,독서,
generation-for-nlp-2302,사회탐구 | 경제,사회탐구,경제,
generation-for-nlp-2303,사회탐구 | 생활과 윤리,사회탐구,생활과 윤리,
generation-for-nlp-2305,사회탐구 | 경제,사회탐구,경제,
generation-for-nlp-2306,사회탐구 | 생활과 윤리,사회탐구,생활과 윤리,
generation-for-nlp-2307,사회탐구 | 생활과 윤리,사회탐구,생활과 윤리,
generation-for-nlp-2308,사회탐구 | 윤리와 사상,사회탐구,윤리와 사상,
generation-for-nlp-2310,사회탐구 | 경제,사회탐구,경제,
generation-for-nlp-2312,사회탐구 | 정치와 법,사회탐구,정치와 법,
generation-for-nlp-2313,사회탐구 | 동아시아사,사회탐구,동아시아사,
generation-for-nlp-2314,사회탐구 | 생활과 윤리,사회탐구,생활과 윤리,
generation-for-nlp-2316,사회탐구 | 생활과 윤리,사회탐구,생활과 윤리,
generation-for-nlp-2320,사회탐구 | 사회·문화,사회탐구,사회·문화,
generation-for-nlp-2321,사회탐구 | 생활과 윤리,사회탐구,생활과 윤리,
generation-for-nlp-2322,사회탐구 | 경제,사회탐구,경제,
generation-for-nlp-2323,사회탐구 | 경제,사회탐구,경제,
generation-for-nlp-2325,사회탐구 | 생활과 윤리,사회탐구,생활과 윤리,
generation-for-nlp-2326,국어 | 독서,국어,독서,
generation-for-nlp-2327,사회탐구 | 생활과 윤리,사회탐구,생활과 윤리,
generation-for-nlp-2328,사회탐구 | 생활과 윤리,사회탐구,생활과 윤리,
generation-for-nlp-2329,사회탐구 | 한국지리,사회탐구,한국지리,
generation-for-nlp-2330,국어 | 문학,국어,문학,
generation-for-nlp-2331,사회탐구 | 동아시아사,사회탐구,동아시아사,
generation-for-nlp-2332,국어 | 독서,국어,독서,
generation-for-nlp-2333,사회탐구 | 생활과 윤리,사회탐구,생활과 윤리,
generation-for-nlp-2334,사회탐구 | 경제,사회탐구,경제,
generation-for-nlp-2335,사회탐구 | 생활과 윤리,사회탐구,생활과 윤리,
generation-for-nlp-2336,사회탐구 | 생활과 윤리,사회탐구,생활과 윤리,
generation-for-nlp-2337,사회탐구 | 정치와 법,사회탐구,정치와 법,
generation-for-nlp-2338,사회탐구 | 경제,사회탐구,경제,
generation-for-nlp-2340,사회탐구 | 사회·문화,사회탐구,사회·문화,
generation-for-nlp-2341,국어 | 문학,국어,문학,
generation-for-nlp-2342,사회탐구 | 생활과 윤리,사회탐구,생활과 윤리,
generation-for-nlp-2344,정치와 법 |,정치와 법,,
generation-for-nlp-2345,사회탐구 | 정치와 법,사회탐구,정치와 법,
generation-for-nlp-2346,사회탐구 | 생활과 윤리,사회탐구,생활과 윤리,
generation-for-nlp-2347,사회탐구 | 동아시아사,사회탐구,동아시아사,
generation-for-nlp-2348,사회탐구 | 생활과 윤리,사회탐구,생활과 윤리,
generation-for-nlp-2351,사회탐구 | 경제,사회탐구,경제,
generation-for-nlp-2352,사회탐구 | 생활과 윤리,사회탐구,생활과 윤리,
generation-for-nlp-2353,사회탐구 | 생활과 윤리,사회탐구,생활과 윤리,
generation-for-nlp-2354,사회탐구 | 사회·문화,사회탐구,사회·문화,
generation-for-nlp-2355,사회탐구 | 정치와 법,사회탐구,정치와 법,
generation-for-nlp-2356,사회탐구 | 경제,사회탐구,경제,
generation-for-nlp-2357,사회탐구 | 생활과 윤리,사회탐구,생활과 윤리,
generation-for-nlp-2360,사회탐구 | 경제,사회탐구,경제,
generation-for-nlp-2362,사회탐구 | 정치와 법,사회탐구,정치와 법,
generation-for-nlp-2364,사회탐구 | 경제,사회탐구,경제,
generation-for-nlp-2365,사회탐구 | 경제,사회탐구,경제,
generation-for-nlp-2366,사회탐구 | 동아시아사,사회탐구,동아시아사,
generation-for-nlp-2367,사회탐구 | 정치와 법,사회탐구,정치와 법,
generation-for-nlp-2368,사회탐구 | 경제,사회탐구,경제,
generation-for-nlp-2371,사회탐구 | 경제,사회탐구,경제,
generation-for-nlp-2372,사회탐구 | 생활과 윤리,사회탐구,생활과 윤리,
generation-for-nlp-2375,사회탐구 | 사회·문화,사회탐구,사회·문화,
generation-for-nlp-2376,사회탐구 | 정치와 법,사회탐구,정치와 법,
generation-for-nlp-2377,사회탐구 | 사회·문화,사회탐구,사회·문화,
generation-for-nlp-2378,사회탐구 | 경제,사회탐구,경제,
generation-for-nlp-2379,사회탐구 | 생활과 윤리,사회탐구,생활과 윤리,
generation-for-nlp-2380,사회탐구 | 생활과 윤리,사회탐구,생활과 윤리,
generation-for-nlp-2382,국어 | 독서,국어,독서,
generation-for-nlp-2383,사회탐구 | 경제,사회탐구,경제,
generation-for-nlp-2384,정치와 법 | 정치와 법,정치와 법,정치와 법,
generation-for-nlp-2385,사회탐구 | 생활과 윤리,사회탐구,생활과 윤리,
generation-for-nlp-2386,사회탐구 | 정치와 법,사회탐구,정치와 법,
generation-for-nlp-2387,사회탐구 | 정치와 법,사회탐구,정치와 법,
generation-for-nlp-2388,사회탐구 | 경제,사회탐구,경제,
generation-for-nlp-2389,사회탐구 | 생활과 윤리,사회탐구,생활과 윤리,
generation-for-nlp-2390,사회탐구 | 경제,사회탐구,경제,
generation-for-nlp-2391,사회탐구 | 정치와 법,사회탐구,정치와 법,
generation-for-nlp-2392,국어 | 문학,국어,문학,
generation-for-nlp-2393,사회탐구 | 생활과 윤리,사회탐구,생활과 윤리,
generation-for-nlp-2394,사회탐구 | 생활과 윤리,사회탐구,생활과 윤리,
generation-for-nlp-2395,사회탐구 | 경제,사회탐구,경제,
generation-for-nlp-2396,사회탐구 | 생활과 윤리,사회탐구,생활과 윤리,
generation-for-nlp-2397,사회탐구 | 생활과 윤리,사회탐구,생활과 윤리,
generation-for-nlp-2398,사회탐구 | 사회·문화,사회탐구,사회·문화,
generation-for-nlp-2399,사회탐구 | 정치와 법,사회탐구,정치와 법,
generation-for-nlp-2400,사회탐구 | 생활과 윤리,사회탐구,생활과 윤리,
generation-for-nlp-2401,사회탐구 | 경제,사회탐구,경제,
generation-for-nlp-2404,사회탐구 | 경제,사회탐구,경제,
generation-for-nlp-2405,사회탐구 | 경제,사회탐구,경제,
generation-for-nlp-2406,사회탐구 | 생활과 윤리,사회탐구,생활과 윤리,
generation-for-nlp-2407,사회탐구 | 사회·문화,사회탐구,사회·문화,
generation-for-nlp-2409,사회탐구 | 생활과 윤리,사회탐구,생활과 윤리,
generation-for-nlp-2410,사회탐구 | 기득권,사회탐구,기득권,
generation-for-nlp-2411,사회탐구 | 정치와 법,사회탐구,정치와 법,
generation-for-nlp-2412,사회탐구 | 생활과 윤리,사회탐구,생활과 윤리,
generation-for-nlp-2413,사회탐구 | 생활과 윤리,사회탐구,생활과 윤리,
generation-for-nlp-2414,사회탐구 | 생활과 윤리,사회탐구,생활과 윤리,
generation-for-nlp-2415,사회탐구 | 생활과 윤리,사회탐구,생활과 윤리,
generation-for-nlp-2416,사회탐구 | 생활과 윤리,사회탐구,생활과 윤리,
generation-for-nlp-2418,사회탐구 | 생활과 윤리,사회탐구,생활과 윤리,
generation-for-nlp-2419,사회탐구 | 경제,사회탐구,경제,
generation-for-nlp-2420,사회탐구 | 생활과 윤리,사회탐구,생활과 윤리,
generation-for-nlp-2421,사회탐구 | 경제,사회탐구,경제,
generation-for-nlp-2423,국어 | 독서,국어,독서,
generation-for-nlp-2424,사회탐구 | 경제,사회탐구,경제,
generation-for-nlp-2425,사회탐구 | 생활과 윤리,사회탐구,생활과 윤리,
generation-for-nlp-2426,사회탐구 | 생활과 윤리,사회탐구,생활과 윤리,
generation-for-nlp-2427,사회탐구 | 생활과 윤리,사회탐구,생활과 윤리,
generation-for-nlp-2428,국어 | 독서,국어,독서,
generation-for-nlp-2429,사회탐구 | 정치와 법,사회탐구,정치와 법,
generation-for-nlp-2430,사회탐구 | 동아시아사,사회탐구,동아시아사,
generation-for-nlp-2431,경제 | 경제,경제,경제,
generation-for-nlp-2433,사회탐구 | 생활과 윤리,사회탐구,생활과 윤리,
generation-for-nlp-2434,사회탐구 | 경제,사회탐구,경제,
generation-for-nlp-2436,사회탐구 | 경제,사회탐구,경제,
generation-for-nlp-2438,국어 | 독서,국어,독서,
generation-for-nlp-2439,사회탐구 | 생활과 윤리,사회탐구,생활과 윤리,
generation-for-nlp-2440,사회탐구 | 경제,사회탐구,경제,
generation-for-nlp-2441,사회탐구 | 경제,사회탐구,경제,
generation-for-nlp-2442,사회탐구 | 경제,사회탐구,경제,
generation-for-nlp-2443,사회탐구 | 생활과 윤리,사회탐구,생활과 윤리,
generation-for-nlp-2444,사회탐구 | 생활과 윤리,사회탐구,생활과 윤리,
generation-for-nlp-2445,사회탐구 | 생활과 윤리,사회탐구,생활과 윤리,
generation-for-nlp-2446,사회탐구 | 생활과 윤리,사회탐구,생활과 윤리,
generation-for-nlp-2447,사회탐구 | 사회·문화,사회탐구,사회·문화,
generation-for-nlp-2448,사회탐구 | 정치와 법,사회탐구,정치와 법,
generation-for-nlp-2449,사회탐구 | 생활과 윤리,사회탐구,생활과 윤리,
generation-for-nlp-2450,사회탐구 | 경제,사회탐구,경제,
generation-for-nlp-2451,사회탐구 | 생활과 윤리,사회탐구,생활과 윤리,
generation-for-nlp-2452,사회탐구 | 정치와 법,사회탐구,정치와 법,
generation-for-nlp-2453,사회탐구 | 생활과 윤리,사회탐구,생활과 윤리,
generation-for-nlp-2454,사회탐구 | 생활과 윤리,사회탐구,생활과 윤리,
generation-for-nlp-2455,국어 | 독서,국어,독서,
generation-for-nlp-2456,사회탐구 | 경제,사회탐구,경제,
generation-for-nlp-2458,사회탐구 | 생활과 윤리,사회탐구,생활과 윤리,
generation-for-nlp-2459,사회탐구 | 경제,사회탐구,경제,
generation-for-nlp-2460,사회탐구 | 정치와 법,사회탐구,정치와 법,
generation-for-nlp-2461,사회탐구 | 생활과 윤리,사회탐구,생활과 윤리,
generation-for-nlp-2464,사회탐구 | 정치와 법,사회탐구,정치와 법,
generation-for-nlp-2466,사회탐구 | 생활과 윤리,사회탐구,생활과 윤리,
generation-for-nlp-2467,사회탐구 | 경제,사회탐구,경제,
generation-for-nlp-2468,사회탐구 | 생활과 윤리,사회탐구,생활과 윤리,
generation-for-nlp-2470,사회탐구 | 경제,사회탐구,경제,
generation-for-nlp-2471,사회탐구 | 생활과 윤리,사회탐구,생활과 윤리,
generation-for-nlp-2472,사회탐구 | 생활과 윤리,사회탐구,생활과 윤리,
generation-for-nlp-2473,사회탐구 | 정치와 법,사회탐구,정치와 법,
generation-for-nlp-2474,사회탐구 | 경제,사회탐구,경제,
generation-for-nlp-2475,사회탐구 | 정치와 법,사회탐구,정치와 법,
generation-for-nlp-2476,사회탐구 | 경제,사회탐구,경제,
generation-for-nlp-2477,사회탐구 | 경제,사회탐구,경제,
generation-for-nlp-2479,사회탐구 | 생활과 윤리,사회탐구,생활과 윤리,
generation-for-nlp-2480,사회탐구 | 동아시아사,사회탐구,동아시아사,
generation-for-nlp-2481,사회탐구 | 생활과 윤리,사회탐구,생활과 윤리,
generation-for-nlp-2482,사회탐구 | 생활과 윤리,사회탐구,생활과 윤리,
generation-for-nlp-2483,사회탐구 | 생활과 윤리,사회탐구,생활과 윤리,
generation-for-nlp-2484,사회탐구 | 경제,사회탐구,경제,
generation-for-nlp-2485,사회탐구 | 생활과 윤리,사회탐구,생활과 윤리,
generation-for-nlp-2486,사회탐구 | 생활과 윤리,사회탐구,생활과 윤리,
generation-for-nlp-2487,사회탐구 | 생활과 윤리,사회탐구,생활과 윤리,
generation-for-nlp-2488,사회탐구 | 경제,사회탐구,경제,
generation-for-nlp-2489,사회탐구 | 생활과 윤리,사회탐구,생활과 윤리,
generation-for-nlp-2491,사회탐구 | 생활과 윤리,사회탐구,생활과 윤리,
generation-for-nlp-2492,사회탐구 | 생활과 윤리,사회탐구,생활과 윤리,
generation-for-nlp-2493,사회탐구 | 경제,사회탐구,경제,
generation-for-nlp-2494,사회탐구 | 경제,사회탐구,경제,
generation-for-nlp-2495,사회탐구 | 생활과 윤리,사회탐구,생활과 윤리,
generation-for-nlp-2496,사회탐구 | 생활과 윤리,사회탐구,생활과 윤리,
generation-for-nlp-2497,사회탐구 | 사회·문화,사회탐구,사회·문화,
generation-for-nlp-2498,사회탐구 | 윤리와 사상,사회탐구,윤리와 사상,
generation-for-nlp-2499,사회탐구 | 정치와 법,사회탐구,정치와 법,
generation-for-nlp-2500,사회탐구 | 경제,사회탐구,경제,
generation-for-nlp-2502,사회탐구 | 경제,사회탐구,경제,
generation-for-nlp-2503,사회탐구 | 경제,사회탐구,경제,
generation-for-nlp-2506,사회탐구 | 생활과 윤리,사회탐구,생활과 윤리,
generation-for-nlp-2507,사회탐구 | 경제,사회탐구,경제,
generation-for-nlp-2508,사회탐구 | 경제,사회탐구,경제,
generation-for-nlp-2509,사회탐구 | 세계사,사회탐구,세계사,
generation-for-nlp-2511,사회탐구 | 생활과 윤리,사회탐구,생활과 윤리,
generation-for-nlp-2513,사회탐구 | 생활과 윤리,사회탐구,생활과 윤리,
generation-for-nlp-2514,사회탐구 | 경제,사회탐구,경제,
generation-for-nlp-2515,사회탐구 | 사회·문화,사회탐구,사회·문화,
generation-for-nlp-2517,국어 | 독서,국어,독서,
generation-for-nlp-2519,사회탐구,,,
generation-for-nlp-2520,사회탐구 | 정치와 법,사회탐구,정치와 법,
generation-for-nlp-2521,사회탐구 | 정치와 법,사회탐구,정치와 법,
generation-for-nlp-2522,사회탐구 | 생활과 윤리,사회탐구,생활과 윤리,
generation-for-nlp-2524,사회탐구 | 생활과 윤리,사회탐구,생활과 윤리,
generation-for-nlp-2525,정치와 법 | 정치와 법,정치와 법,정치와 법,
generation-for-nlp-2527,사회탐구 | 경제,사회탐구,경제,
generation-for-nlp-2528,사회탐구 | 경제,사회탐구,경제,
generation-for-nlp-2530,사회탐구 | 정치와 법,사회탐구,정치와 법,
generation-for-nlp-2531,사회탐구 | 생활과 윤리,사회탐구,생활과 윤리,
generation-for-nlp-2532,사회탐구 | 생활과 윤리,사회탐구,생활과 윤리,
generation-for-nlp-2533,사회탐구 | 경제,사회탐구,경제,
generation-for-nlp-2534,정치와 법 | 5,정치와 법,5,
generation-for-nlp-2535,사회탐구 | 경제,사회탐구,경제,
generation-for-nlp-2537,사회탐구 | 생활과 윤리,사회탐구,생활과 윤리,
generation-for-nlp-2538,사회탐구 | 정치와 법,사회탐구,정치와 법,
generation-for-nlp-2539,사회탐구 | 생활과 윤리,사회탐구,생활과 윤리,
generation-for-nlp-2540,사회탐구 | 정치와 법,사회탐구,정치와 법,
generation-for-nlp-2541,사회탐구 | 경제,사회탐구,경제,
generation-for-nlp-2542,사회탐구 | 생활과 윤리,사회탐구,생활과 윤리,
generation-for-nlp-2543,사회탐구 | 사회·문화,사회탐구,사회·문화,
generation-for-nlp-2544,사회탐구 | 경제,사회탐구,경제,
generation-for-nlp-2545,사회탐구 | 사회·문화,사회탐구,사회·문화,
generation-for-nlp-2547,사회탐구 | 정치와 법,사회탐구,정치와 법,
generation-for-nlp-2548,사회탐구 | 생활과 윤리,사회탐구,생활과 윤리,
generation-for-nlp-2549,사회탐구 | 생활과 윤리,사회탐구,생활과 윤리,
generation-for-nlp-2550,사회탐구 | 윤리와 사상,사회탐구,윤리와 사상,
generation-for-nlp-2551,사회탐구 | 생활과 윤리,사회탐구,생활과 윤리,
generation-for-nlp-2552,국어 | 독서,국어,독서,
generation-for-nlp-2553,사회탐구 | 생활과 윤리,사회탐구,생활과 윤리,
generation-for-nlp-2554,사회탐구 | 정치와 법,사회탐구,정치와 법,
generation-for-nlp-2555,사회탐구 | 경제,사회탐구,경제,
generation-for-nlp-2556,사회탐구 | 생활과 윤리,사회탐구,생활과 윤리,
generation-for-nlp-2557,사회탐구 | 동아시아사,사회탐구,동아시아사,
generation-for-nlp-2558,사회탐구 | 경제,사회탐구,경제,
generation-for-nlp-2559,사회탐구 | 생활과 윤리,사회탐구,생활과 윤리,
generation-for-nlp-2560,사회탐구 | 생활과 윤리,사회탐구,생활과 윤리,
generation-for-nlp-2561,국어 | 독서,국어,독서,
generation-for-nlp-2562,사회탐구 | 생활과 윤리,사회탐구,생활과 윤리,
generation-for-nlp-2563,사회탐구 | 생활과 윤리,사회탐구,생활과 윤리,
generation-for-nlp-2564,사회탐구 | 사회·문화,사회탐구,사회·문화,
generation-for-nlp-2565,사회탐구 | 경제,사회탐구,경제,
generation-for-nlp-2566,사회탐구 | 윤리와 사상,사회탐구,윤리와 사상,
generation-for-nlp-2567,사회탐구 | 생활과 윤리,사회탐구,생활과 윤리,
generation-for-nlp-2568,사회탐구 | 생활과 윤리,사회탐구,생활과 윤리,
generation-for-nlp-2569,국어 | 독서,국어,독서,
generation-for-nlp-2570,사회탐구 | 사회·문화,사회탐구,사회·문화,
generation-for-nlp-2571,사회탐구 | 경제,사회탐구,경제,
generation-for-nlp-2572,사회탐구 | 생활과 윤리,사회탐구,생활과 윤리,
generation-for-nlp-2573,사회탐구 | 생활과 윤리,사회탐구,생활과 윤리,
generation-for-nlp-2574,사회탐구 | 정치와 법,사회탐구,정치와 법,
generation-for-nlp-2575,사회탐구 | 경제,사회탐구,경제,
generation-for-nlp-2576,사회탐구 | 정치와 법,사회탐구,정치와 법,
generation-for-nlp-2577,사회탐구 | 경제,사회탐구,경제,
generation-for-nlp-2578,사회탐구 | 경제,사회탐구,경제,
generation-for-nlp-2579,국어 | 독서,국어,독서,
generation-for-nlp-2580,사회탐구 | 생활과 윤리,사회탐구,생활과 윤리,
generation-for-nlp-2581,사회탐구 | 경제,사회탐구,경제,
generation-for-nlp-2583,사회탐구 | 윤리와 사상,사회탐구,윤리와 사상,
generation-for-nlp-2584,사회탐구 | 경제,사회탐구,경제,
generation-for-nlp-2585,사회탐구 | 경제,사회탐구,경제,
generation-for-nlp-2586,사회탐구 | 경제,사회탐구,경제,
generation-for-nlp-2587,사회탐구 | 경제,사회탐구,경제,
generation-for-nlp-2588,사회탐구 | 생활과 윤리,사회탐구,생활과 윤리,
generation-for-nlp-2589,사회탐구 | 생활과 윤리,사회탐구,생활과 윤리,
generation-for-nlp-2590,사회탐구 | 생활과 윤리,사회탐구,생활과 윤리,
generation-for-nlp-2591,사회탐구 | 생활과 윤리,사회탐구,생활과 윤리,
generation-for-nlp-2592,사회탐구 | 생활과 윤리,사회탐구,생활과 윤리,
generation-for-nlp-2593,사회탐구 | 경제,사회탐구,경제,
generation-for-nlp-2594,사회탐구 | 경제,사회탐구,경제,
generation-for-nlp-2596,사회탐구 | 경제,사회탐구,경제,
generation-for-nlp-2597,사회탐구 | 생활과 윤리,사회탐구,생활과 윤리,
generation-for-nlp-2598,사회탐구 | 생활과 윤리,사회탐구,생활과 윤리,
generation-for-nlp-2599,국어 | 독서,국어,독서,
generation-for-nlp-2600,사회탐구 | 정치와 법,사회탐구,정치와 법,
generation-for-nlp-2601,사회탐구 | 생활과 윤리,사회탐구,생활과 윤리,
generation-for-nlp-2602,사회탐구 | 생활과 윤리,사회탐구,생활과 윤리,
generation-for-nlp-2603,사회탐구 | 생활과 윤리,사회탐구,생활과 윤리,
generation-for-nlp-2604,사회탐구 | 정치와 법,사회탐구,정치와 법,
generation-for-nlp-2606,사회탐구 | 윤리와 사상,사회탐구,윤리와 사상,
generation-for-nlp-2607,사회탐구 | 경제,사회탐구,경제,
generation-for-nlp-2608,정치와 법 | 정치와 법,정치와 법,정치와 법,
generation-for-nlp-2609,사회탐구 | 동아시아사,사회탐구,동아시아사,
generation-for-nlp-2610,사회탐구 | 정치와 법,사회탐구,정치와 법,
generation-for-nlp-2611,사회탐구 | 경제,사회탐구,경제,
generation-for-nlp-2613,사회탐구 | 세계사,사회탐구,세계사,
generation-for-nlp-2614,사회탐구 | 경제,사회탐구,경제,
generation-for-nlp-2615,사회탐구 | 생활과 윤리,사회탐구,생활과 윤리,
generation-for-nlp-2617,사회탐구 | 경제,사회탐구,경제,
generation-for-nlp-2618,사회탐구 | 동아시아사,사회탐구,동아시아사,
generation-for-nlp-2619,사회탐구 | 정치와 법,사회탐구,정치와 법,
generation-for-nlp-2620,사회탐구 | 경제,사회탐구,경제,
generation-for-nlp-2621,사회탐구 | 정치와 법,사회탐구,정치와 법,
generation-for-nlp-2622,사회탐구 | 사회·문화,사회탐구,사회·문화,
generation-for-nlp-2624,사회탐구 | 동아시아사,사회탐구,동아시아사,
generation-for-nlp-2625,국어 | 문학,국어,문학,
generation-for-nlp-2627,국어 | 화법과 작문,국어,화법과 작문,
generation-for-nlp-2629,사회탐구 | 생활과 윤리,사회탐구,생활과 윤리,
generation-for-nlp-2630,사회탐구 | 경제,사회탐구,경제,
generation-for-nlp-2631,사회탐구 | 경제,사회탐구,경제,
generation-for-nlp-2632,사회탐구 | 경제,사회탐구,경제,
generation-for-nlp-2634,사회탐구 | 경제,사회탐구,경제,
generation-for-nlp-2635,사회탐구 | 경제,사회탐구,경제,
generation-for-nlp-2637,사회탐구 | 생활과 윤리,사회탐구,생활과 윤리,
generation-for-nlp-2640,사회탐구 | 경제,사회탐구,경제,
generation-for-nlp-2641,사회탐구 | 경제,사회탐구,경제,
generation-for-nlp-2642,사회탐구 | 생활과 윤리,사회탐구,생활과 윤리,
generation-for-nlp-2644,사회탐구 | 정치와 법,사회탐구,정치와 법,
generation-for-nlp-2645,정치와 법 |,정치와 법,,
generation-for-nlp-2646,사회탐구 | 경제,사회탐구,경제,
generation-for-nlp-2647,사회탐구 | 정치와 법,사회탐구,정치와 법,
generation-for-nlp-2648,사회탐구 | 경제,사회탐구,경제,
generation-for-nlp-2650,사회탐구 | 생활과 윤리,사회탐구,생활과 윤리,
generation-for-nlp-2651,사회탐구 | 사회·문화,사회탐구,사회·문화,
generation-for-nlp-2652,사회탐구 | 경제,사회탐구,경제,
generation-for-nlp-2653,사회탐구 | 경제,사회탐구,경제,
generation-for-nlp-2654,사회탐구 | 경제,사회탐구,경제,
generation-for-nlp-2655,사회탐구 | 경제,사회탐구,경제,
generation-for-nlp-2656,사회탐구 | 경제,사회탐구,경제,
generation-for-nlp-2657,사회탐구 | 정치와 법,사회탐구,정치와 법,
generation-for-nlp-2658,사회탐구 | 경제,사회탐구,경제,
generation-for-nlp-2659,사회탐구 | 정치와 법,사회탐구,정치와 법,
generation-for-nlp-2660,사회탐구 | 경제,사회탐구,경제,
generation-for-nlp-2661,사회탐구 | 경제,사회탐구,경제,
generation-for-nlp-2662,사회탐구 | 생활과 윤리,사회탐구,생활과 윤리,
generation-for-nlp-2663,사회탐구 | 생활과 윤리,사회탐구,생활과 윤리,
generation-for-nlp-2664,사회탐구 | 경제,사회탐구,경제,
generation-for-nlp-2665,사회탐구 | 정치와 법,사회탐구,정치와 법,
generation-for-nlp-2668,사회탐구 | 경제,사회탐구,경제,
generation-for-nlp-2669,사회탐구 | 경제,사회탐구,경제,
generation-for-nlp-2670,사회탐구 | 생활과 윤리,사회탐구,생활과 윤리,
generation-for-nlp-2671,사회탐구 | 생활과 윤리,사회탐구,생활과 윤리,
generation-for-nlp-2672,사회탐구 | 세계사,사회탐구,세계사,
generation-for-nlp-2673,사회탐구 | 생활과 윤리,사회탐구,생활과 윤리,
generation-for-nlp-2674,사회탐구 | 경제,사회탐구,경제,
generation-for-nlp-2675,사회탐구 | 생활과 윤리,사회탐구,생활과 윤리,
generation-for-nlp-2676,사회탐구 | 경제,사회탐구,경제,
generation-for-nlp-2677,국어 | 독서,국어,독서,
generation-for-nlp-2678,사회탐구 | 경제,사회탐구,경제,
generation-for-nlp-2679,정치와 법 |,정치와 법,,
generation-for-nlp-2680,사회탐구 | 생활과 윤리,사회탐구,생활과 윤리,
generation-for-nlp-2681,사회탐구 | 경제,사회탐구,경제,
generation-for-nlp-2682,사회탐구 | 생활과 윤리,사회탐구,생활과 윤리,
generation-for-nlp-2683,사회탐구 | 동아시아사,사회탐구,동아시아사,
generation-for-nlp-2684,사회탐구 | 생활과 윤리,사회탐구,생활과 윤리,
generation-for-nlp-2685,사회탐구 | 경제,사회탐구,경제,
generation-for-nlp-2686,사회탐구 | 생활과 윤리,사회탐구,생활과 윤리,
generation-for-nlp-2689,사회탐구 | 경제,사회탐구,경제,
generation-for-nlp-2690,사회탐구 | 경제,사회탐구,경제,
generation-for-nlp-2691,사회탐구 | 경제,사회탐구,경제,
generation-for-nlp-2693,사회탐구 | 경제,사회탐구,경제,
generation-for-nlp-2694,사회탐구 | 경제,사회탐구,경제,
generation-for-nlp-2695,사회탐구 | 경제,사회탐구,경제,
generation-for-nlp-2696,사회탐구 | 경제,사회탐구,경제,
generation-for-nlp-2697,사회탐구 | 생활과 윤리,사회탐구,생활과 윤리,
generation-for-nlp-2698,정치와 법 | 정치와 법,정치와 법,정치와 법,
generation-for-nlp-2699,사회탐구 | 경제,사회탐구,경제,
generation-for-nlp-2700,사회탐구 | 경제,사회탐구,경제,
generation-for-nlp-2701,사회탐구 | 경제,사회탐구,경제,
generation-for-nlp-2703,사회탐구 | 생활과 윤리,사회탐구,생활과 윤리,
generation-for-nlp-2704,사회탐구 | 생활과 윤리,사회탐구,생활과 윤리,
generation-for-nlp-2705,사회탐구 | 사회·문화,사회탐구,사회·문화,
generation-for-nlp-2706,국어 | 문학,국어,문학,
generation-for-nlp-2708,사회탐구 | 경제,사회탐구,경제,
generation-for-nlp-2709,사회탐구 | 경제,사회탐구,경제,
generation-for-nlp-2712,사회탐구 | 생활과 윤리,사회탐구,생활과 윤리,
generation-for-nlp-2713,사회탐구 | 경제,사회탐구,경제,
generation-for-nlp-2714,사회탐구 | 생활과 윤리,사회탐구,생활과 윤리,
generation-for-nlp-2715,사회탐구 | 경제,사회탐구,경제,
generation-for-nlp-2717,사회탐구 | 정치와 법,사회탐구,정치와 법,
generation-for-nlp-2718,사회탐구 | 경제,사회탐구,경제,
generation-for-nlp-2719,사회탐구 | 생활과 윤리,사회탐구,생활과 윤리,
generation-for-nlp-2720,사회탐구 | 생활과 윤리,사회탐구,생활과 윤리,
generation-for-nlp-2721,사회탐구 | 경제,사회탐구,경제,
generation-for-nlp-2722,사회탐구 | 정치와 법,사회탐구,정치와 법,
generation-for-nlp-2725,사회탐구 | 생활과 윤리,사회탐구,생활과 윤리,
generation-for-nlp-2726,사회탐구 | 경제,사회탐구,경제,
generation-for-nlp-2728,사회탐구 | 생활과 윤리,사회탐구,생활과 윤리,
generation-for-nlp-2729,사회탐구 | 생활과 윤리,사회탐구,생활과 윤리,
generation-for-nlp-2730,사회탐구 | 생활과 윤리,사회탐구,생활과 윤리,
generation-for-nlp-2731,사회탐구 | 생활과 윤리,사회탐구,생활과 윤리,
generation-for-nlp-2732,사회탐구 | 생활과 윤리,사회탐구,생활과 윤리,
generation-for-nlp-2734,사회탐구 | 경제,사회탐구,경제,
generation-for-nlp-2735,사회탐구 | 생활과 윤리,사회탐구,생활과 윤리,
generation-for-nlp-2738,사회탐구 | 생활과 윤리,사회탐구,생활과 윤리,
generation-for-nlp-2739,사회탐구 | 생활과 윤리,사회탐구,생활과 윤리,
generation-for-nlp-2740,사회탐구 | 생활과 윤리,사회탐구,생활과 윤리,
generation-for-nlp-2741,사회탐구 | 경제,사회탐구,경제,
generation-for-nlp-2742,사회탐구 | 생활과 윤리,사회탐구,생활과 윤리,
generation-for-nlp-2743,사회탐구 | 생활과 윤리,사회탐구,생활과 윤리,
generation-for-nlp-2745,사회탐구 | 생활과 윤리,사회탐구,생활과 윤리,
generation-for-nlp-2746,사회탐구 | 정치와 법,사회탐구,정치와 법,
generation-for-nlp-2747,사회탐구 | 정치와 법,사회탐구,정치와 법,
generation-for-nlp-2748,사회탐구 | 동아시아사,사회탐구,동아시아사,
generation-for-nlp-2749,사회탐구 | 정치와 법,사회탐구,정치와 법,
generation-for-nlp-2750,사회탐구 | 경제,사회탐구,경제,
generation-for-nlp-2751,사회탐구 | 생활과 윤리,사회탐구,생활과 윤리,
generation-for-nlp-2752,사회탐구 | 정치와 법,사회탐구,정치와 법,
generation-for-nlp-2753,사회탐구 | 사회·문화,사회탐구,사회·문화,
generation-for-nlp-2755,사회탐구 | 생활과 윤리,사회탐구,생활과 윤리,
generation-for-nlp-2756,사회탐구 | 윤리와 사상,사회탐구,윤리와 사상,
generation-for-nlp-2757,사회탐구 | 생활과 윤리,사회탐구,생활과 윤리,
generation-for-nlp-2758,사회탐구 | 생활과 윤리,사회탐구,생활과 윤리,
generation-for-nlp-2759,사회탐구 | 생활과 윤리,사회탐구,생활과 윤리,
generation-for-nlp-2760,사회탐구 | 경제,사회탐구,경제,
generation-for-nlp-2761,사회탐구 | 경제,사회탐구,경제,
generation-for-nlp-2762,사회탐구 | 경제,사회탐구,경제,
generation-for-nlp-2763,사회탐구 | 생활과 윤리,사회탐구,생활과 윤리,
generation-for-nlp-2764,사회탐구 | 경제,사회탐구,경제,
generation-for-nlp-2765,사회탐구 | 생활과 윤리,사회탐구,생활과 윤리,
generation-for-nlp-2766,사회탐구 | 경제,사회탐구,경제,
generation-for-nlp-2767,사회탐구 | 정치와 법,사회탐구,정치와 법,
generation-for-nlp-2768,사회탐구 | 생활과 윤리,사회탐구,생활과 윤리,
generation-for-nlp-2769,사회탐구 | 정치와 법,사회탐구,정치와 법,
generation-for-nlp-2770,사회탐구 | 동아시아사,사회탐구,동아시아사,
generation-for-nlp-2771,사회탐구 | 경제,사회탐구,경제,
generation-for-nlp-2772,사회탐구 | 경제,사회탐구,경제,
generation-for-nlp-2773,사회탐구 | 생활과 윤리,사회탐구,생활과 윤리,
generation-for-nlp-2774,사회탐구 | 생활과 윤리,사회탐구,생활과 윤리,
generation-for-nlp-2775,사회탐구 | 정치와 법,사회탐구,정치와 법,
generation-for-nlp-2776,사회탐구 | 생활과 윤리,사회탐구,생활과 윤리,
generation-for-nlp-2777,사회탐구 | 생활과 윤리,사회탐구,생활과 윤리,
generation-for-nlp-2778,사회탐구 | 윤리와 사상,사회탐구,윤리와 사상,
generation-for-nlp-2779,사회탐구 | 생활과 윤리,사회탐구,생활과 윤리,
generation-for-nlp-2780,사회탐구 | 생활과 윤리,사회탐구,생활과 윤리,
generation-for-nlp-2781,사회탐구 | 생활과 윤리,사회탐구,생활과 윤리,
generation-for-nlp-2782,국어 | 화법과 작문,국어,화법과 작문,
generation-for-nlp-2783,사회탐구 | 생활과 윤리,사회탐구,생활과 윤리,
generation-for-nlp-2784,사회탐구 | 생활과 윤리,사회탐구,생활과 윤리,
generation-for-nlp-2785,사회탐구 | 생활과 윤리,사회탐구,생활과 윤리,
generation-for-nlp-2786,사회탐구 | 정치와 법,사회탐구,정치와 법,
generation-for-nlp-2787,사회탐구 | 윤리와 사상,사회탐구,윤리와 사상,
generation-for-nlp-2788,사회탐구 | 생활과 윤리,사회탐구,생활과 윤리,
generation-for-nlp-2789,사회탐구 | 경제,사회탐구,경제,
generation-for-nlp-2791,사회탐구 | 생활과 윤리,사회탐구,생활과 윤리,
generation-for-nlp-2793,사회탐구 | 생활과 윤리,사회탐구,생활과 윤리,
generation-for-nlp-2794,사회탐구 | 정치와 법,사회탐구,정치와 법,
generation-for-nlp-2795,사회탐구 | 생활과 윤리,사회탐구,생활과 윤리,
generation-for-nlp-2796,사회탐구 | 생활과 윤리,사회탐구,생활과 윤리,
generation-for-nlp-2798,사회탐구 | 생활과 윤리,사회탐구,생활과 윤리,
generation-for-nlp-2799,사회탐구 | 정치와 법,사회탐구,정치와 법,
generation-for-nlp-2800,사회탐구 | 윤리와 사상,사회탐구,윤리와 사상,
generation-for-nlp-2801,사회탐구 | 생활과 윤리,사회탐구,생활과 윤리,
generation-for-nlp-2802,사회탐구 | 정치와 법,사회탐구,정치와 법,
generation-for-nlp-2805,사회탐구 | 경제,사회탐구,경제,
generation-for-nlp-2806,정치와 법 |,정치와 법,,
generation-for-nlp-2807,사회탐구 | 정치와 법,사회탐구,정치와 법,
generation-for-nlp-2808,사회탐구 | 동아시아사,사회탐구,동아시아사,
generation-for-nlp-2810,사회탐구 | 생활과 윤리,사회탐구,생활과 윤리,
generation-for-nlp-2811,사회탐구 | 정치와 법,사회탐구,정치와 법,
generation-for-nlp-2812,국어 | 화법과 작문,국어,화법과 작문,
generation-for-nlp-2813,국어 | 화법과 작문,국어,화법과 작문,
generation-for-nlp-2815,사회탐구 | 윤리와 사상,사회탐구,윤리와 사상,
generation-for-nlp-2816,사회탐구 | 경제,사회탐구,경제,
generation-for-nlp-2817,사회탐구 | 경제,사회탐구,경제,
generation-for-nlp-2818,사회탐구 | 정치와 법,사회탐구,정치와 법,
generation-for-nlp-2819,사회탐구 | 경제,사회탐구,경제,
generation-for-nlp-2823,사회탐구 | 생활과 윤리,사회탐구,생활과 윤리,
generation-for-nlp-2824,국어 | 문학,국어,문학,
generation-for-nlp-2825,사회탐구 | 경제,사회탐구,경제,
generation-for-nlp-2826,사회탐구 | 생활과 윤리,사회탐구,생활과 윤리,
generation-for-nlp-2827,사회탐구 | 정치와 법,사회탐구,정치와 법,
generation-for-nlp-2828,사회탐구 | 생활과 윤리,사회탐구,생활과 윤리,
generation-for-nlp-2829,사회탐구 | 생활과 윤리,사회탐구,생활과 윤리,
generation-for-nlp-2831,사회탐구 | 경제,사회탐구,경제,
generation-for-nlp-2832,사회탐구 | 정치와 법,사회탐구,정치와 법,
generation-for-nlp-2833,사회탐구 | 윤리와 사상,사회탐구,윤리와 사상,
generation-for-nlp-2834,사회탐구 | 생활과 윤리,사회탐구,생활과 윤리,
generation-for-nlp-2835,사회탐구 | 세계사,사회탐구,세계사,
generation-for-nlp-2836,사회탐구 | 생활과 윤리,사회탐구,생활과 윤리,
generation-for-nlp-2839,사회탐구 | 생활과 윤리,사회탐구,생활과 윤리,
generation-for-nlp-2840,사회탐구 | 정치와 법,사회탐구,정치와 법,
generation-for-nlp-2841,사회탐구 | 동아시아사,사회탐구,동아시아사,
generation-for-nlp-2842,사회탐구 | 정치와 법,사회탐구,정치와 법,
generation-for-nlp-2843,사회탐구 | 경제,사회탐구,경제,
generation-for-nlp-2844,사회탐구 | 생활과 윤리,사회탐구,생활과 윤리,
generation-for-nlp-2845,사회탐구 | 생활과 윤리,사회탐구,생활과 윤리,
generation-for-nlp-2846,사회탐구 | 생활과 윤리,사회탐구,생활과 윤리,
generation-for-nlp-2847,사회탐구 | 정치와 법,사회탐구,정치와 법,
generation-for-nlp-2848,사회탐구 | 생활과 윤리,사회탐구,생활과 윤리,
generation-for-nlp-2849,사회탐구 | 생활과 윤리,사회탐구,생활과 윤리,
generation-for-nlp-2850,사회탐구 | 생활과 윤리,사회탐구,생활과 윤리,
generation-for-nlp-2851,사회탐구 | 생활과 윤리,사회탐구,생활과 윤리,
generation-for-nlp-2852,사회탐구 | 세계사,사회탐구,세계사,
generation-for-nlp-2853,사회탐구 | 경제,사회탐구,경제,
generation-for-nlp-2854,사회탐구 | 경제,사회탐구,경제,
generation-for-nlp-2855,사회탐구 | 경제,사회탐구,경제,
generation-for-nlp-2856,사회탐구 | 생활과 윤리,사회탐구,생활과 윤리,
generation-for-nlp-2857,사회탐구 | 생활과 윤리,사회탐구,생활과 윤리,
generation-for-nlp-2858,국어 | 독서,국어,독서,
generation-for-nlp-2859,사회탐구 | 정치와 법,사회탐구,정치와 법,
generation-for-nlp-2860,사회탐구 | 생활과 윤리,사회탐구,생활과 윤리,
generation-for-nlp-2863,사회탐구 | 경제,사회탐구,경제,
generation-for-nlp-2864,사회탐구 | 동아시아사,사회탐구,동아시아사,
generation-for-nlp-2865,국어 | 문학,국어,문학,
generation-for-nlp-2866,사회탐구 | 경제,사회탐구,경제,
generation-for-nlp-2867,사회탐구 | 정치와 법,사회탐구,정치와 법,
generation-for-nlp-2868,사회탐구 | 생활과 윤리,사회탐구,생활과 윤리,
generation-for-nlp-2869,사회탐구 | 정치와 법,사회탐구,정치와 법,
generation-for-nlp-2870,사회탐구 | 세계사,사회탐구,세계사,
generation-for-nlp-2871,사회탐구 | 생활과 윤리,사회탐구,생활과 윤리,
generation-for-nlp-2872,사회탐구 | 생활과 윤리,사회탐구,생활과 윤리,
generation-for-nlp-2873,사회탐구 | 경제,사회탐구,경제,
generation-for-nlp-2874,사회탐구 | 경제,사회탐구,경제,
generation-for-nlp-2875,사회탐구 | 생활과 윤리,사회탐구,생활과 윤리,
generation-for-nlp-2878,사회탐구 | 생활과 윤리,사회탐구,생활과 윤리,
generation-for-nlp-2879,사회탐구 | 생활과 윤리,사회탐구,생활과 윤리,
generation-for-nlp-2880,사회탐구 | 생활과 윤리,사회탐구,생활과 윤리,
generation-for-nlp-2881,사회탐구 | 동아시아사,사회탐구,동아시아사,
generation-for-nlp-2882,국어 | 독서,국어,독서,
generation-for-nlp-2883,국어 | 문학,국어,문학,
generation-for-nlp-2884,사회탐구 | 경제,사회탐구,경제,
generation-for-nlp-2885,사회탐구 | 경제,사회탐구,경제,
generation-for-nlp-2886,사회탐구 | 생활과 윤리,사회탐구,생활과 윤리,
generation-for-nlp-2888,사회탐구 | 경제,사회탐구,경제,
generation-for-nlp-2889,사회탐구 | 정치와 법,사회탐구,정치와 법,
generation-for-nlp-2890,사회탐구 | 생활과 윤리,사회탐구,생활과 윤리,
generation-for-nlp-2892,사회탐구 | 생활과 윤리,사회탐구,생활과 윤리,
generation-for-nlp-2893,사회탐구 | 경제,사회탐구,경제,
generation-for-nlp-2894,국어 | 화법과 작문,국어,화법과 작문,
generation-for-nlp-2895,사회탐구 | 생활과 윤리,사회탐구,생활과 윤리,
generation-for-nlp-2896,사회탐구 | 생활과 윤리,사회탐구,생활과 윤리,
generation-for-nlp-2899,국어 | 문학,국어,문학,
